-- --------------------------------------------------------
-- 호스트:                          192.168.30.152
-- 서버 버전:                        11.8.2-MariaDB - mariadb.org binary distribution
-- 서버 OS:                        Win64
-- HeidiSQL 버전:                  12.10.0.7000
-- --------------------------------------------------------

/*!40101 SET @OLD_CHARACTER_SET_CLIENT=@@CHARACTER_SET_CLIENT */;
/*!40101 SET NAMES utf8 */;
/*!50503 SET NAMES utf8mb4 */;
/*!40103 SET @OLD_TIME_ZONE=@@TIME_ZONE */;
/*!40103 SET TIME_ZONE='+00:00' */;
/*!40014 SET @OLD_FOREIGN_KEY_CHECKS=@@FOREIGN_KEY_CHECKS, FOREIGN_KEY_CHECKS=0 */;
/*!40101 SET @OLD_SQL_MODE=@@SQL_MODE, SQL_MODE='NO_AUTO_VALUE_ON_ZERO' */;
/*!40111 SET @OLD_SQL_NOTES=@@SQL_NOTES, SQL_NOTES=0 */;

-- 테이블 team_db.chicken 구조 내보내기
CREATE TABLE IF NOT EXISTS `chicken` (
  `CHICKEN_ID` int(11) NOT NULL AUTO_INCREMENT COMMENT '닭 개체 아이디',
  `RAW_WEIGHT` float NOT NULL DEFAULT 0 COMMENT '닭 몸무게',
  `AGE` int(11) NOT NULL DEFAULT 0 COMMENT '닭 나이',
  `GROWTH_STAGE` enum('CHICK','GROWER','FINISHER') NOT NULL DEFAULT 'CHICK' COMMENT '닭 성장 단계',
  `BATCH_ID` varchar(20) NOT NULL COMMENT '배치 번호(EX>2025-001)',
  `FARM_NUM` int(11) NOT NULL COMMENT '축사 아이디',
  `HEALTH_STATUS` enum('HEALTHY','NORMAL','SICK') NOT NULL DEFAULT 'HEALTHY' COMMENT '닭 건강 상태',
  PRIMARY KEY (`CHICKEN_ID`),
  KEY `BATCH_ID` (`BATCH_ID`),
  KEY `FARM_NUM` (`FARM_NUM`),
  CONSTRAINT `chicken_ibfk_1` FOREIGN KEY (`BATCH_ID`) REFERENCES `chicken_batch` (`BATCH_ID`),
  CONSTRAINT `chicken_ibfk_2` FOREIGN KEY (`FARM_NUM`) REFERENCES `chicken_farm` (`FARM_NUM`)
) ENGINE=InnoDB AUTO_INCREMENT=21 DEFAULT CHARSET=utf8mb4 COLLATE=utf8mb4_general_ci;

-- 테이블 데이터 team_db.chicken:~20 rows (대략적) 내보내기
INSERT INTO `chicken` (`CHICKEN_ID`, `RAW_WEIGHT`, `AGE`, `GROWTH_STAGE`, `BATCH_ID`, `FARM_NUM`, `HEALTH_STATUS`) VALUES
	(1, 10, 3, 'GROWER', '2025-001', 1, 'HEALTHY'),
	(2, 10, 3, 'GROWER', '2025-001', 1, 'HEALTHY'),
	(3, 10, 3, 'GROWER', '2025-001', 1, 'HEALTHY'),
	(4, 0, 1, 'CHICK', '2025-004', 1, 'HEALTHY'),
	(5, 0, 1, 'CHICK', '2025-004', 1, 'HEALTHY'),
	(6, 0, 1, 'CHICK', '2025-004', 1, 'HEALTHY'),
	(7, 0, 1, 'CHICK', '2025-004', 1, 'HEALTHY'),
	(8, 0, 1, 'CHICK', '2025-004', 1, 'HEALTHY'),
	(9, 0, 1, 'CHICK', '2025-005', 1, 'HEALTHY'),
	(10, 0, 1, 'CHICK', '2025-005', 1, 'HEALTHY'),
	(11, 0, 1, 'CHICK', '2025-005', 1, 'HEALTHY'),
	(12, 0, 1, 'CHICK', '2025-005', 1, 'HEALTHY'),
	(13, 0, 1, 'CHICK', '2025-005', 1, 'HEALTHY'),
	(14, 0, 1, 'CHICK', '2025-005', 1, 'HEALTHY'),
	(15, 0, 1, 'CHICK', '2025-005', 1, 'HEALTHY'),
	(16, 0, 1, 'CHICK', '2025-005', 1, 'HEALTHY'),
	(17, 0, 1, 'CHICK', '2025-005', 1, 'HEALTHY'),
	(18, 0, 1, 'CHICK', '2025-005', 1, 'HEALTHY'),
	(19, 0, 1, 'CHICK', '2025-006', 3, 'HEALTHY'),
	(20, 0, 1, 'CHICK', '2025-006', 3, 'HEALTHY');

-- 테이블 team_db.chicken_batch 구조 내보내기
CREATE TABLE IF NOT EXISTS `chicken_batch` (
  `BATCH_ID` varchar(20) NOT NULL COMMENT '배치 번호(EX>2025-001)',
  `ENTRY_DATE` date NOT NULL COMMENT '입식일(부화일)',
  `INITIAL_COUNT` int(11) DEFAULT NULL COMMENT '초기 닭의 수',
  `CURRENT_COUNT` int(11) DEFAULT NULL COMMENT '폐사체를 제외한 현재 닭의 수',
  `SHIPMENT_STATUS` tinyint(1) NOT NULL DEFAULT 0 COMMENT '출하 여부',
  `FARM_NUM` int(11) NOT NULL COMMENT '축사 아이디',
  PRIMARY KEY (`BATCH_ID`),
  KEY `FARM_NUM` (`FARM_NUM`),
  CONSTRAINT `chicken_batch_ibfk_1` FOREIGN KEY (`FARM_NUM`) REFERENCES `chicken_farm` (`FARM_NUM`)
) ENGINE=InnoDB DEFAULT CHARSET=utf8mb4 COLLATE=utf8mb4_general_ci;

-- 테이블 데이터 team_db.chicken_batch:~6 rows (대략적) 내보내기
INSERT INTO `chicken_batch` (`BATCH_ID`, `ENTRY_DATE`, `INITIAL_COUNT`, `CURRENT_COUNT`, `SHIPMENT_STATUS`, `FARM_NUM`) VALUES
	('2025-001', '2025-09-30', 10, 10, 0, 1),
	('2025-002', '2025-09-30', 10, 10, 0, 1),
	('2025-003', '2025-10-01', 10, 10, 0, 1),
	('2025-004', '2025-10-02', 5, 5, 0, 1),
	('2025-005', '2025-10-02', 10, 10, 0, 1),
	('2025-006', '2025-10-02', 2, 2, 0, 3);

-- 테이블 team_db.chicken_farm 구조 내보내기
CREATE TABLE IF NOT EXISTS `chicken_farm` (
  `FARM_NUM` int(11) NOT NULL AUTO_INCREMENT COMMENT '축사 아이디',
  `FARM_NAME` varchar(20) NOT NULL COMMENT '축사 이름',
  PRIMARY KEY (`FARM_NUM`)
) ENGINE=InnoDB AUTO_INCREMENT=4 DEFAULT CHARSET=utf8mb4 COLLATE=utf8mb4_general_ci;

-- 테이블 데이터 team_db.chicken_farm:~1 rows (대략적) 내보내기
INSERT INTO `chicken_farm` (`FARM_NUM`, `FARM_NAME`) VALUES
	(1, '1번 양계장'),
	(2, '양계장투'),
	(3, '계장쓰리');

-- 테이블 team_db.chicken_inoculation_history 구조 내보내기
CREATE TABLE IF NOT EXISTS `chicken_inoculation_history` (
  `HISTORY_ID` int(11) NOT NULL AUTO_INCREMENT COMMENT '이력 아이디',
  `CHICKEN_ID` int(11) NOT NULL COMMENT '닭 개체 아이디',
  `VACCINE_TYPE` enum('ND','HPAI','IBD','IB') NOT NULL COMMENT '백신 종류',
  `VACCINATION_DATE` datetime NOT NULL DEFAULT current_timestamp() COMMENT '접종일',
  `VACCINATION_METHOD` varchar(20) DEFAULT NULL COMMENT '접종 방법 (음수/주사/분무 등)',
  `VACCINATED_BY` varchar(50) DEFAULT NULL COMMENT '접종 담당자',
  `NOTES` varchar(200) DEFAULT NULL COMMENT '비고',
  PRIMARY KEY (`HISTORY_ID`),
  KEY `idx_chicken_vaccine` (`CHICKEN_ID`,`VACCINE_TYPE`),
  CONSTRAINT `chicken_inoculation_history_ibfk_1` FOREIGN KEY (`CHICKEN_ID`) REFERENCES `chicken` (`CHICKEN_ID`)
) ENGINE=InnoDB DEFAULT CHARSET=utf8mb4 COLLATE=utf8mb4_general_ci;

-- 테이블 데이터 team_db.chicken_inoculation_history:~0 rows (대략적) 내보내기

-- 테이블 team_db.chicken_weight_history 구조 내보내기
CREATE TABLE IF NOT EXISTS `chicken_weight_history` (
  `HISTORY_ID` int(11) NOT NULL AUTO_INCREMENT COMMENT '이력 아이디',
  `CHICKEN_ID` int(11) NOT NULL COMMENT '닭 개체 아이디',
  `RAW_WEIGHT` float NOT NULL COMMENT '측정 무게',
  `REC_TIME` datetime NOT NULL DEFAULT current_timestamp() COMMENT '측정 시간',
  `REC_AGE` int(11) NOT NULL COMMENT '측정 당시 나이',
  PRIMARY KEY (`HISTORY_ID`),
  KEY `CHICKEN_ID` (`CHICKEN_ID`),
  CONSTRAINT `chicken_weight_history_ibfk_1` FOREIGN KEY (`CHICKEN_ID`) REFERENCES `chicken` (`CHICKEN_ID`)
) ENGINE=InnoDB DEFAULT CHARSET=utf8mb4 COLLATE=utf8mb4_general_ci;

-- 테이블 데이터 team_db.chicken_weight_history:~0 rows (대략적) 내보내기

-- 테이블 team_db.danger_notice 구조 내보내기
CREATE TABLE IF NOT EXISTS `danger_notice` (
  `NOTICE_NUM` int(11) NOT NULL AUTO_INCREMENT COMMENT '위험알림기록 번호',
  `NOTICE_CONTENT` varchar(200) NOT NULL COMMENT '위험알림기록 내용',
  `NOTICE_CATEGORY` varchar(20) NOT NULL COMMENT '위험알림 종류',
  `FARM_NUM` int(11) NOT NULL COMMENT '축사 아이디',
  `REC_TIME` datetime NOT NULL DEFAULT current_timestamp() COMMENT '위험 알림 기록 시간',
  PRIMARY KEY (`NOTICE_NUM`),
  KEY `FARM_NUM` (`FARM_NUM`),
  CONSTRAINT `danger_notice_ibfk_1` FOREIGN KEY (`FARM_NUM`) REFERENCES `chicken_farm` (`FARM_NUM`)
) ENGINE=InnoDB AUTO_INCREMENT=1384 DEFAULT CHARSET=utf8mb4 COLLATE=utf8mb4_general_ci;

-- 테이블 데이터 team_db.danger_notice:~1,127 rows (대략적) 내보내기
INSERT INTO `danger_notice` (`NOTICE_NUM`, `NOTICE_CONTENT`, `NOTICE_CATEGORY`, `FARM_NUM`, `REC_TIME`) VALUES
	(257, 'CO2 농도가 2439.8ppm으로 매우 높습니다.', 'CO2', 1, '2025-10-01 16:24:05'),
	(258, '암모니아 농도가 25.155ppm으로 높습니다.', 'NH3', 1, '2025-10-01 16:24:05'),
	(259, 'CO2 농도가 2074.3ppm으로 매우 높습니다.', 'CO2', 1, '2025-10-01 16:24:06'),
	(260, 'CO2 농도가 2103.4ppm으로 매우 높습니다.', 'CO2', 1, '2025-10-01 17:34:46'),
	(261, 'CO2 농도가 2011.5ppm으로 매우 높습니다.', 'CO2', 1, '2025-10-01 17:35:24'),
	(262, 'CO2 농도가 2080.1ppm으로 매우 높습니다.', 'CO2', 1, '2025-10-01 17:35:32'),
	(263, 'CO2 농도가 2097.6ppm으로 매우 높습니다.', 'CO2', 1, '2025-10-01 17:35:35'),
	(264, 'CO2 농도가 2103.4ppm으로 매우 높습니다.', 'CO2', 1, '2025-10-01 17:35:37'),
	(265, 'CO2 농도가 2115.1ppm으로 매우 높습니다.', 'CO2', 1, '2025-10-01 17:35:39'),
	(266, 'CO2 농도가 2115.1ppm으로 매우 높습니다.', 'CO2', 1, '2025-10-01 17:35:42'),
	(267, 'CO2 농도가 2138.8ppm으로 매우 높습니다.', 'CO2', 1, '2025-10-01 17:35:44'),
	(268, 'CO2 농도가 2068.6ppm으로 매우 높습니다.', 'CO2', 1, '2025-10-01 17:35:46'),
	(269, 'CO2 농도가 2085.9ppm으로 매우 높습니다.', 'CO2', 1, '2025-10-01 17:35:49'),
	(270, 'CO2 농도가 2103.4ppm으로 매우 높습니다.', 'CO2', 1, '2025-10-01 17:35:51'),
	(271, 'CO2 농도가 2150.7ppm으로 매우 높습니다.', 'CO2', 1, '2025-10-01 17:35:54'),
	(272, 'CO2 농도가 2045.6ppm으로 매우 높습니다.', 'CO2', 1, '2025-10-01 17:35:55'),
	(273, 'CO2 농도가 2210.9ppm으로 매우 높습니다.', 'CO2', 1, '2025-10-01 17:35:58'),
	(274, 'CO2 농도가 2138.8ppm으로 매우 높습니다.', 'CO2', 1, '2025-10-01 17:35:59'),
	(275, 'CO2 농도가 2192.7ppm으로 매우 높습니다.', 'CO2', 1, '2025-10-02 11:24:24'),
	(276, 'CO2 농도가 3165.9ppm으로 매우 높습니다.', 'CO2', 1, '2025-10-02 11:24:27'),
	(277, '암모니아 농도가 31.529ppm으로 높습니다.', 'NH3', 1, '2025-10-02 11:24:27'),
	(278, 'CO2 농도가 3044.2ppm으로 매우 높습니다.', 'CO2', 1, '2025-10-02 11:24:29'),
	(279, '암모니아 농도가 30.801ppm으로 높습니다.', 'NH3', 1, '2025-10-02 11:24:29'),
	(280, 'CO2 농도가 2980.9ppm으로 매우 높습니다.', 'CO2', 1, '2025-10-02 11:24:30'),
	(281, 'CO2 농도가 3274.7ppm으로 매우 높습니다.', 'CO2', 1, '2025-10-02 11:24:32'),
	(282, '암모니아 농도가 32.648ppm으로 높습니다.', 'NH3', 1, '2025-10-02 11:24:32'),
	(283, 'CO2 농도가 3190.7ppm으로 매우 높습니다.', 'CO2', 1, '2025-10-02 11:24:34'),
	(284, '암모니아 농도가 31.899ppm으로 높습니다.', 'NH3', 1, '2025-10-02 11:24:34'),
	(285, 'CO2 농도가 3395.4ppm으로 매우 높습니다.', 'CO2', 1, '2025-10-02 11:24:36'),
	(286, '암모니아 농도가 34.192ppm으로 높습니다.', 'NH3', 1, '2025-10-02 11:24:36'),
	(287, 'CO2 농도가 3501.9ppm으로 매우 높습니다.', 'CO2', 1, '2025-10-02 11:24:39'),
	(288, '암모니아 농도가 34.587ppm으로 높습니다.', 'NH3', 1, '2025-10-02 11:24:39'),
	(289, 'CO2 농도가 3519.9ppm으로 매우 높습니다.', 'CO2', 1, '2025-10-02 11:24:41'),
	(290, '암모니아 농도가 34.986ppm으로 높습니다.', 'NH3', 1, '2025-10-02 11:24:41'),
	(291, 'CO2 농도가 3421.8ppm으로 매우 높습니다.', 'CO2', 1, '2025-10-02 11:24:42'),
	(292, '암모니아 농도가 34.192ppm으로 높습니다.', 'NH3', 1, '2025-10-02 11:24:42'),
	(293, 'CO2 농도가 3556.2ppm으로 매우 높습니다.', 'CO2', 1, '2025-10-02 11:24:45'),
	(294, '암모니아 농도가 34.986ppm으로 높습니다.', 'NH3', 1, '2025-10-02 11:24:45'),
	(295, 'CO2 농도가 3133.0ppm으로 매우 높습니다.', 'CO2', 1, '2025-10-02 11:24:46'),
	(296, '암모니아 농도가 31.529ppm으로 높습니다.', 'NH3', 1, '2025-10-02 11:24:46'),
	(297, 'CO2 농도가 3583.6ppm으로 매우 높습니다.', 'CO2', 1, '2025-10-02 11:24:49'),
	(298, '암모니아 농도가 35.796ppm으로 높습니다.', 'NH3', 1, '2025-10-02 11:24:49'),
	(299, 'CO2 농도가 5000.0ppm으로 매우 높습니다.', 'CO2', 1, '2025-10-02 12:01:58'),
	(300, '암모니아 농도가 55.097ppm으로 높습니다.', 'NH3', 1, '2025-10-02 12:01:58'),
	(301, 'CO2 농도가 2527.1ppm으로 매우 높습니다.', 'CO2', 1, '2025-10-02 12:02:00'),
	(302, 'CO2 농도가 5000.0ppm으로 매우 높습니다.', 'CO2', 1, '2025-10-02 12:02:01'),
	(303, '암모니아 농도가 51.646ppm으로 높습니다.', 'NH3', 1, '2025-10-02 12:02:01'),
	(304, 'CO2 농도가 5000.0ppm으로 매우 높습니다.', 'CO2', 1, '2025-10-02 12:02:04'),
	(305, '암모니아 농도가 51.090ppm으로 높습니다.', 'NH3', 1, '2025-10-02 12:02:04'),
	(306, 'CO2 농도가 3733.0ppm으로 매우 높습니다.', 'CO2', 1, '2025-10-02 12:02:06'),
	(307, 'CO2 농도가 4309.5ppm으로 매우 높습니다.', 'CO2', 1, '2025-10-02 12:02:10'),
	(308, '암모니아 농도가 42.863ppm으로 높습니다.', 'NH3', 1, '2025-10-02 12:02:10'),
	(309, 'CO2 농도가 4677.4ppm으로 매우 높습니다.', 'CO2', 1, '2025-10-02 12:02:11'),
	(310, '암모니아 농도가 45.804ppm으로 높습니다.', 'NH3', 1, '2025-10-02 12:02:11'),
	(311, 'CO2 농도가 4608.5ppm으로 매우 높습니다.', 'CO2', 1, '2025-10-02 12:02:15'),
	(312, '암모니아 농도가 44.805ppm으로 높습니다.', 'NH3', 1, '2025-10-02 12:02:15'),
	(313, 'CO2 농도가 4712.1ppm으로 매우 높습니다.', 'CO2', 1, '2025-10-02 12:02:17'),
	(314, '암모니아 농도가 45.804ppm으로 높습니다.', 'NH3', 1, '2025-10-02 12:02:17'),
	(315, 'CO2 농도가 3529.0ppm으로 매우 높습니다.', 'CO2', 1, '2025-10-02 12:02:19'),
	(316, '암모니아 농도가 36.621ppm으로 높습니다.', 'NH3', 1, '2025-10-02 12:02:19'),
	(317, 'CO2 농도가 4620.0ppm으로 매우 높습니다.', 'CO2', 1, '2025-10-02 12:02:21'),
	(318, '암모니아 농도가 44.805ppm으로 높습니다.', 'NH3', 1, '2025-10-02 12:02:21'),
	(319, 'CO2 농도가 4309.5ppm으로 매우 높습니다.', 'CO2', 1, '2025-10-02 12:02:23'),
	(320, '암모니아 농도가 41.455ppm으로 높습니다.', 'NH3', 1, '2025-10-02 12:02:24'),
	(321, 'CO2 농도가 2949.7ppm으로 매우 높습니다.', 'CO2', 1, '2025-10-02 12:02:25'),
	(322, '암모니아 농도가 31.899ppm으로 높습니다.', 'NH3', 1, '2025-10-02 12:02:25'),
	(323, 'CO2 농도가 4320.3ppm으로 매우 높습니다.', 'CO2', 1, '2025-10-02 12:02:27'),
	(324, '암모니아 농도가 41.920ppm으로 높습니다.', 'NH3', 1, '2025-10-02 12:02:28'),
	(325, 'CO2 농도가 4213.7ppm으로 매우 높습니다.', 'CO2', 1, '2025-10-02 12:02:30'),
	(326, '암모니아 농도가 40.994ppm으로 높습니다.', 'NH3', 1, '2025-10-02 12:02:30'),
	(327, 'CO2 농도가 4027.5ppm으로 매우 높습니다.', 'CO2', 1, '2025-10-02 12:02:31'),
	(328, '암모니아 농도가 39.195ppm으로 높습니다.', 'NH3', 1, '2025-10-02 12:02:31'),
	(329, 'CO2 농도가 4017.4ppm으로 매우 높습니다.', 'CO2', 1, '2025-10-02 12:02:34'),
	(330, '암모니아 농도가 39.195ppm으로 높습니다.', 'NH3', 1, '2025-10-02 12:02:34'),
	(331, 'CO2 농도가 3887.7ppm으로 매우 높습니다.', 'CO2', 1, '2025-10-02 12:02:36'),
	(332, '암모니아 농도가 38.755ppm으로 높습니다.', 'NH3', 1, '2025-10-02 12:02:36'),
	(333, 'CO2 농도가 3800.0ppm으로 매우 높습니다.', 'CO2', 1, '2025-10-02 12:02:39'),
	(334, '암모니아 농도가 37.463ppm으로 높습니다.', 'NH3', 1, '2025-10-02 12:02:39'),
	(335, 'CO2 농도가 3466.1ppm으로 매우 높습니다.', 'CO2', 1, '2025-10-02 12:02:40'),
	(336, '암모니아 농도가 34.587ppm으로 높습니다.', 'NH3', 1, '2025-10-02 12:02:40'),
	(337, 'CO2 농도가 3620.5ppm으로 매우 높습니다.', 'CO2', 1, '2025-10-02 12:02:42'),
	(338, '암모니아 농도가 36.206ppm으로 높습니다.', 'NH3', 1, '2025-10-02 12:02:43'),
	(339, 'CO2 농도가 3529.0ppm으로 매우 높습니다.', 'CO2', 1, '2025-10-02 12:02:44'),
	(340, '암모니아 농도가 34.986ppm으로 높습니다.', 'NH3', 1, '2025-10-02 12:02:44'),
	(341, 'CO2 농도가 3334.6ppm으로 매우 높습니다.', 'CO2', 1, '2025-10-02 12:02:45'),
	(342, '암모니아 농도가 33.412ppm으로 높습니다.', 'NH3', 1, '2025-10-02 12:02:45'),
	(343, 'CO2 농도가 3492.9ppm으로 매우 높습니다.', 'CO2', 1, '2025-10-02 12:02:48'),
	(344, '암모니아 농도가 34.587ppm으로 높습니다.', 'NH3', 1, '2025-10-02 12:02:48'),
	(345, 'CO2 농도가 3377.9ppm으로 매우 높습니다.', 'CO2', 1, '2025-10-02 12:02:49'),
	(346, '암모니아 농도가 33.800ppm으로 높습니다.', 'NH3', 1, '2025-10-02 12:02:49'),
	(347, '암모니아 농도가 25.155ppm으로 높습니다.', 'NH3', 1, '2025-10-02 12:02:50'),
	(348, 'CO2 농도가 3092.4ppm으로 매우 높습니다.', 'CO2', 1, '2025-10-02 12:02:52'),
	(349, '암모니아 농도가 31.529ppm으로 높습니다.', 'NH3', 1, '2025-10-02 12:02:52'),
	(350, 'CO2 농도가 2297.7ppm으로 매우 높습니다.', 'CO2', 1, '2025-10-02 12:02:53'),
	(351, '암모니아 농도가 25.771ppm으로 높습니다.', 'NH3', 1, '2025-10-02 12:02:53'),
	(352, 'CO2 농도가 3457.2ppm으로 매우 높습니다.', 'CO2', 1, '2025-10-02 12:02:55'),
	(353, '암모니아 농도가 34.986ppm으로 높습니다.', 'NH3', 1, '2025-10-02 12:02:56'),
	(354, '암모니아 농도가 25.155ppm으로 높습니다.', 'NH3', 1, '2025-10-02 12:02:57'),
	(355, 'CO2 농도가 3404.2ppm으로 매우 높습니다.', 'CO2', 1, '2025-10-02 12:02:59'),
	(356, '암모니아 농도가 33.800ppm으로 높습니다.', 'NH3', 1, '2025-10-02 12:02:59'),
	(357, 'CO2 농도가 3369.2ppm으로 매우 높습니다.', 'CO2', 1, '2025-10-02 12:03:02'),
	(358, '암모니아 농도가 34.192ppm으로 높습니다.', 'NH3', 1, '2025-10-02 12:03:02'),
	(359, 'CO2 농도가 3308.8ppm으로 매우 높습니다.', 'CO2', 1, '2025-10-02 12:03:04'),
	(360, '암모니아 농도가 32.648ppm으로 높습니다.', 'NH3', 1, '2025-10-02 12:03:04'),
	(361, 'CO2 농도가 3240.9ppm으로 매우 높습니다.', 'CO2', 1, '2025-10-02 12:03:06'),
	(362, '암모니아 농도가 32.272ppm으로 높습니다.', 'NH3', 1, '2025-10-02 12:03:07'),
	(363, 'CO2 농도가 3165.9ppm으로 매우 높습니다.', 'CO2', 1, '2025-10-02 12:03:09'),
	(364, '암모니아 농도가 31.529ppm으로 높습니다.', 'NH3', 1, '2025-10-02 12:03:09'),
	(365, 'CO2 농도가 3092.4ppm으로 매우 높습니다.', 'CO2', 1, '2025-10-02 12:03:11'),
	(366, '암모니아 농도가 31.163ppm으로 높습니다.', 'NH3', 1, '2025-10-02 12:03:12'),
	(367, 'CO2 농도가 3036.2ppm으로 매우 높습니다.', 'CO2', 1, '2025-10-02 12:03:14'),
	(368, '암모니아 농도가 30.801ppm으로 높습니다.', 'NH3', 1, '2025-10-02 12:03:14'),
	(369, 'CO2 농도가 2746.1ppm으로 매우 높습니다.', 'CO2', 1, '2025-10-02 12:03:15'),
	(370, '암모니아 농도가 28.700ppm으로 높습니다.', 'NH3', 1, '2025-10-02 12:03:15'),
	(371, 'CO2 농도가 2934.2ppm으로 매우 높습니다.', 'CO2', 1, '2025-10-02 12:03:18'),
	(372, '암모니아 농도가 29.735ppm으로 높습니다.', 'NH3', 1, '2025-10-02 12:03:18'),
	(373, 'CO2 농도가 2934.2ppm으로 매우 높습니다.', 'CO2', 1, '2025-10-02 12:03:20'),
	(374, '암모니아 농도가 29.735ppm으로 높습니다.', 'NH3', 1, '2025-10-02 12:03:20'),
	(375, 'CO2 농도가 2965.2ppm으로 매우 높습니다.', 'CO2', 1, '2025-10-02 12:03:23'),
	(376, '암모니아 농도가 30.087ppm으로 높습니다.', 'NH3', 1, '2025-10-02 12:03:23'),
	(377, 'CO2 농도가 2857.7ppm으로 매우 높습니다.', 'CO2', 1, '2025-10-02 12:03:24'),
	(378, '암모니아 농도가 29.042ppm으로 높습니다.', 'NH3', 1, '2025-10-02 12:03:24'),
	(379, 'CO2 농도가 2631.2ppm으로 매우 높습니다.', 'CO2', 1, '2025-10-02 12:03:25'),
	(380, '암모니아 농도가 27.041ppm으로 높습니다.', 'NH3', 1, '2025-10-02 12:03:26'),
	(381, 'CO2 농도가 2865.3ppm으로 매우 높습니다.', 'CO2', 1, '2025-10-02 12:03:28'),
	(382, '암모니아 농도가 29.042ppm으로 높습니다.', 'NH3', 1, '2025-10-02 12:03:28'),
	(383, 'CO2 농도가 2724.3ppm으로 매우 높습니다.', 'CO2', 1, '2025-10-02 12:03:29'),
	(384, '암모니아 농도가 27.695ppm으로 높습니다.', 'NH3', 1, '2025-10-02 12:03:29'),
	(385, 'CO2 농도가 2911.0ppm으로 매우 높습니다.', 'CO2', 1, '2025-10-02 12:03:32'),
	(386, '암모니아 농도가 29.387ppm으로 높습니다.', 'NH3', 1, '2025-10-02 12:03:32'),
	(387, 'CO2 농도가 2949.7ppm으로 매우 높습니다.', 'CO2', 1, '2025-10-02 12:03:34'),
	(388, '암모니아 농도가 29.735ppm으로 높습니다.', 'NH3', 1, '2025-10-02 12:03:34'),
	(389, 'CO2 농도가 2888.1ppm으로 매우 높습니다.', 'CO2', 1, '2025-10-02 12:03:37'),
	(390, '암모니아 농도가 29.387ppm으로 높습니다.', 'NH3', 1, '2025-10-02 12:03:37'),
	(391, 'CO2 농도가 2872.8ppm으로 매우 높습니다.', 'CO2', 1, '2025-10-02 12:03:39'),
	(392, '암모니아 농도가 29.042ppm으로 높습니다.', 'NH3', 1, '2025-10-02 12:03:39'),
	(393, 'CO2 농도가 2865.3ppm으로 매우 높습니다.', 'CO2', 1, '2025-10-02 12:03:42'),
	(394, '암모니아 농도가 29.042ppm으로 높습니다.', 'NH3', 1, '2025-10-02 12:03:42'),
	(395, 'CO2 농도가 2812.6ppm으로 매우 높습니다.', 'CO2', 1, '2025-10-02 12:03:44'),
	(396, '암모니아 농도가 29.042ppm으로 높습니다.', 'NH3', 1, '2025-10-02 12:03:44'),
	(397, 'CO2 농도가 2827.6ppm으로 매우 높습니다.', 'CO2', 1, '2025-10-02 12:03:47'),
	(398, '암모니아 농도가 29.042ppm으로 높습니다.', 'NH3', 1, '2025-10-02 12:03:47'),
	(399, 'CO2 농도가 2753.4ppm으로 매우 높습니다.', 'CO2', 1, '2025-10-02 12:03:49'),
	(400, '암모니아 농도가 28.362ppm으로 높습니다.', 'NH3', 1, '2025-10-02 12:03:49'),
	(401, 'CO2 농도가 2724.3ppm으로 매우 높습니다.', 'CO2', 1, '2025-10-02 12:03:52'),
	(402, '암모니아 농도가 27.695ppm으로 높습니다.', 'NH3', 1, '2025-10-02 12:03:52'),
	(403, 'CO2 농도가 2717.0ppm으로 매우 높습니다.', 'CO2', 1, '2025-10-02 12:03:54'),
	(404, '암모니아 농도가 27.695ppm으로 높습니다.', 'NH3', 1, '2025-10-02 12:03:54'),
	(405, 'CO2 농도가 2782.9ppm으로 매우 높습니다.', 'CO2', 1, '2025-10-02 12:03:56'),
	(406, '암모니아 농도가 28.026ppm으로 높습니다.', 'NH3', 1, '2025-10-02 12:03:57'),
	(407, 'CO2 농도가 2768.1ppm으로 매우 높습니다.', 'CO2', 1, '2025-10-02 12:03:59'),
	(408, '암모니아 농도가 28.026ppm으로 높습니다.', 'NH3', 1, '2025-10-02 12:03:59'),
	(409, 'CO2 농도가 2731.5ppm으로 매우 높습니다.', 'CO2', 1, '2025-10-02 12:04:01'),
	(410, '암모니아 농도가 27.695ppm으로 높습니다.', 'NH3', 1, '2025-10-02 12:04:02'),
	(411, 'CO2 농도가 2746.1ppm으로 매우 높습니다.', 'CO2', 1, '2025-10-02 12:04:04'),
	(412, '암모니아 농도가 28.026ppm으로 높습니다.', 'NH3', 1, '2025-10-02 12:04:04'),
	(413, 'CO2 농도가 2617.1ppm으로 매우 높습니다.', 'CO2', 1, '2025-10-02 12:04:05'),
	(414, '암모니아 농도가 26.719ppm으로 높습니다.', 'NH3', 1, '2025-10-02 12:04:06'),
	(415, 'CO2 농도가 2753.4ppm으로 매우 높습니다.', 'CO2', 1, '2025-10-02 12:04:08'),
	(416, '암모니아 농도가 27.695ppm으로 높습니다.', 'NH3', 1, '2025-10-02 12:04:08'),
	(417, 'CO2 농도가 2760.8ppm으로 매우 높습니다.', 'CO2', 1, '2025-10-02 12:04:10'),
	(418, '암모니아 농도가 28.026ppm으로 높습니다.', 'NH3', 1, '2025-10-02 12:04:11'),
	(419, 'CO2 농도가 2695.3ppm으로 매우 높습니다.', 'CO2', 1, '2025-10-02 12:04:13'),
	(420, '암모니아 농도가 27.695ppm으로 높습니다.', 'NH3', 1, '2025-10-02 12:04:13'),
	(421, 'CO2 농도가 2688.1ppm으로 매우 높습니다.', 'CO2', 1, '2025-10-02 12:04:15'),
	(422, '암모니아 농도가 27.366ppm으로 높습니다.', 'NH3', 1, '2025-10-02 12:04:15'),
	(423, 'CO2 농도가 2561.4ppm으로 매우 높습니다.', 'CO2', 1, '2025-10-02 12:04:17'),
	(424, '암모니아 농도가 26.719ppm으로 높습니다.', 'NH3', 1, '2025-10-02 12:04:17'),
	(425, 'CO2 농도가 2631.2ppm으로 매우 높습니다.', 'CO2', 1, '2025-10-02 12:04:19'),
	(426, '암모니아 농도가 27.041ppm으로 높습니다.', 'NH3', 1, '2025-10-02 12:04:19'),
	(427, 'CO2 농도가 2493.2ppm으로 매우 높습니다.', 'CO2', 1, '2025-10-02 12:04:21'),
	(428, '암모니아 농도가 25.771ppm으로 높습니다.', 'NH3', 1, '2025-10-02 12:04:21'),
	(429, 'CO2 농도가 2717.0ppm으로 매우 높습니다.', 'CO2', 1, '2025-10-02 12:04:23'),
	(430, '암모니아 농도가 27.695ppm으로 높습니다.', 'NH3', 1, '2025-10-02 12:04:23'),
	(431, 'CO2 농도가 2666.7ppm으로 매우 높습니다.', 'CO2', 1, '2025-10-02 12:04:25'),
	(432, '암모니아 농도가 27.366ppm으로 높습니다.', 'NH3', 1, '2025-10-02 12:04:26'),
	(433, 'CO2 농도가 2645.3ppm으로 매우 높습니다.', 'CO2', 1, '2025-10-02 12:04:29'),
	(434, '암모니아 농도가 27.041ppm으로 높습니다.', 'NH3', 1, '2025-10-02 12:04:29'),
	(435, 'CO2 농도가 2666.7ppm으로 매우 높습니다.', 'CO2', 1, '2025-10-02 12:04:31'),
	(436, '암모니아 농도가 27.041ppm으로 높습니다.', 'NH3', 1, '2025-10-02 12:04:32'),
	(437, 'CO2 농도가 2500.0ppm으로 매우 높습니다.', 'CO2', 1, '2025-10-02 12:04:33'),
	(438, '암모니아 농도가 25.771ppm으로 높습니다.', 'NH3', 1, '2025-10-02 12:04:33'),
	(439, 'CO2 농도가 2513.5ppm으로 매우 높습니다.', 'CO2', 1, '2025-10-02 12:04:34'),
	(440, 'CO2 농도가 2582.2ppm으로 매우 높습니다.', 'CO2', 1, '2025-10-02 12:04:37'),
	(441, '암모니아 농도가 26.400ppm으로 높습니다.', 'NH3', 1, '2025-10-02 12:04:37'),
	(442, 'CO2 농도가 2617.1ppm으로 매우 높습니다.', 'CO2', 1, '2025-10-02 12:04:39'),
	(443, '암모니아 농도가 27.041ppm으로 높습니다.', 'NH3', 1, '2025-10-02 12:04:39'),
	(444, 'CO2 농도가 2217.1ppm으로 매우 높습니다.', 'CO2', 1, '2025-10-02 12:04:41'),
	(445, 'CO2 농도가 2575.3ppm으로 매우 높습니다.', 'CO2', 1, '2025-10-02 12:04:43'),
	(446, '암모니아 농도가 26.400ppm으로 높습니다.', 'NH3', 1, '2025-10-02 12:04:43'),
	(447, 'CO2 농도가 2329.4ppm으로 매우 높습니다.', 'CO2', 1, '2025-10-02 12:04:45'),
	(448, 'CO2 농도가 2126.9ppm으로 매우 높습니다.', 'CO2', 1, '2025-10-02 12:04:46'),
	(449, 'CO2 농도가 2554.5ppm으로 매우 높습니다.', 'CO2', 1, '2025-10-02 12:04:49'),
	(450, '암모니아 농도가 26.084ppm으로 높습니다.', 'NH3', 1, '2025-10-02 12:04:49'),
	(451, 'CO2 농도가 2561.4ppm으로 매우 높습니다.', 'CO2', 1, '2025-10-02 12:04:51'),
	(452, '암모니아 농도가 26.400ppm으로 높습니다.', 'NH3', 1, '2025-10-02 12:04:51'),
	(453, 'CO2 농도가 2534.0ppm으로 매우 높습니다.', 'CO2', 1, '2025-10-02 12:04:54'),
	(454, '암모니아 농도가 26.084ppm으로 높습니다.', 'NH3', 1, '2025-10-02 12:04:54'),
	(455, 'CO2 농도가 2473.1ppm으로 매우 높습니다.', 'CO2', 1, '2025-10-02 12:04:56'),
	(456, '암모니아 농도가 25.461ppm으로 높습니다.', 'NH3', 1, '2025-10-02 12:04:56'),
	(457, 'CO2 농도가 2420.0ppm으로 매우 높습니다.', 'CO2', 1, '2025-10-02 12:04:59'),
	(458, '암모니아 농도가 25.155ppm으로 높습니다.', 'NH3', 1, '2025-10-02 12:04:59'),
	(459, 'CO2 농도가 2285.1ppm으로 매우 높습니다.', 'CO2', 1, '2025-10-02 12:05:00'),
	(460, 'CO2 농도가 2254.0ppm으로 매우 높습니다.', 'CO2', 1, '2025-10-02 12:05:01'),
	(461, 'CO2 농도가 2393.8ppm으로 매우 높습니다.', 'CO2', 1, '2025-10-02 12:05:05'),
	(462, 'CO2 농도가 2413.4ppm으로 매우 높습니다.', 'CO2', 1, '2025-10-02 12:05:08'),
	(463, 'CO2 농도가 2062.8ppm으로 매우 높습니다.', 'CO2', 1, '2025-10-02 12:05:10'),
	(464, 'CO2 농도가 2022.8ppm으로 매우 높습니다.', 'CO2', 1, '2025-10-02 12:05:12'),
	(465, 'CO2 농도가 2393.8ppm으로 매우 높습니다.', 'CO2', 1, '2025-10-02 12:05:14'),
	(466, 'CO2 농도가 2420.0ppm으로 매우 높습니다.', 'CO2', 1, '2025-10-02 12:05:17'),
	(467, '암모니아 농도가 25.155ppm으로 높습니다.', 'NH3', 1, '2025-10-02 12:05:17'),
	(468, 'CO2 농도가 2406.9ppm으로 매우 높습니다.', 'CO2', 1, '2025-10-02 12:05:19'),
	(469, 'CO2 농도가 2367.9ppm으로 매우 높습니다.', 'CO2', 1, '2025-10-02 12:05:22'),
	(470, 'CO2 농도가 2310.3ppm으로 매우 높습니다.', 'CO2', 1, '2025-10-02 12:05:24'),
	(471, 'CO2 농도가 2266.4ppm으로 매우 높습니다.', 'CO2', 1, '2025-10-02 12:05:30'),
	(472, 'CO2 농도가 2260.2ppm으로 매우 높습니다.', 'CO2', 1, '2025-10-02 12:05:32'),
	(473, 'CO2 농도가 2266.4ppm으로 매우 높습니다.', 'CO2', 1, '2025-10-02 12:05:34'),
	(474, 'CO2 농도가 2266.4ppm으로 매우 높습니다.', 'CO2', 1, '2025-10-02 12:05:37'),
	(475, 'CO2 농도가 2235.5ppm으로 매우 높습니다.', 'CO2', 1, '2025-10-02 12:05:39'),
	(476, 'CO2 농도가 2254.0ppm으로 매우 높습니다.', 'CO2', 1, '2025-10-02 12:05:42'),
	(477, 'CO2 농도가 2241.6ppm으로 매우 높습니다.', 'CO2', 1, '2025-10-02 12:05:44'),
	(478, 'CO2 농도가 2229.3ppm으로 매우 높습니다.', 'CO2', 1, '2025-10-02 12:05:46'),
	(479, 'CO2 농도가 2223.2ppm으로 매우 높습니다.', 'CO2', 1, '2025-10-02 12:05:49'),
	(480, 'CO2 농도가 2192.7ppm으로 매우 높습니다.', 'CO2', 1, '2025-10-02 12:05:52'),
	(481, 'CO2 농도가 2186.7ppm으로 매우 높습니다.', 'CO2', 1, '2025-10-02 12:05:55'),
	(482, 'CO2 농도가 2198.8ppm으로 매우 높습니다.', 'CO2', 1, '2025-10-02 12:05:59'),
	(483, 'CO2 농도가 2097.6ppm으로 매우 높습니다.', 'CO2', 1, '2025-10-02 12:06:02'),
	(484, 'CO2 농도가 2062.8ppm으로 매우 높습니다.', 'CO2', 1, '2025-10-02 12:06:04'),
	(485, 'CO2 농도가 2057.0ppm으로 매우 높습니다.', 'CO2', 1, '2025-10-02 12:06:06'),
	(486, 'CO2 농도가 2039.9ppm으로 매우 높습니다.', 'CO2', 1, '2025-10-02 12:06:09'),
	(487, 'CO2 농도가 2034.2ppm으로 매우 높습니다.', 'CO2', 1, '2025-10-02 12:06:11'),
	(488, 'CO2 농도가 2039.9ppm으로 매우 높습니다.', 'CO2', 1, '2025-10-02 12:06:14'),
	(489, 'CO2 농도가 2080.1ppm으로 매우 높습니다.', 'CO2', 1, '2025-10-02 12:06:17'),
	(490, 'CO2 농도가 2080.1ppm으로 매우 높습니다.', 'CO2', 1, '2025-10-02 12:06:19'),
	(491, 'CO2 농도가 2109.3ppm으로 매우 높습니다.', 'CO2', 1, '2025-10-02 12:06:22'),
	(492, 'CO2 농도가 2126.9ppm으로 매우 높습니다.', 'CO2', 1, '2025-10-02 12:06:27'),
	(493, 'CO2 농도가 2162.6ppm으로 매우 높습니다.', 'CO2', 1, '2025-10-02 12:06:32'),
	(494, 'CO2 농도가 2103.4ppm으로 매우 높습니다.', 'CO2', 1, '2025-10-02 12:06:34'),
	(495, 'CO2 농도가 2186.7ppm으로 매우 높습니다.', 'CO2', 1, '2025-10-02 12:06:38'),
	(496, 'CO2 농도가 2156.6ppm으로 매우 높습니다.', 'CO2', 1, '2025-10-02 12:06:40'),
	(497, 'CO2 농도가 2174.6ppm으로 매우 높습니다.', 'CO2', 1, '2025-10-02 12:06:43'),
	(498, 'CO2 농도가 2156.6ppm으로 매우 높습니다.', 'CO2', 1, '2025-10-02 12:06:45'),
	(499, 'CO2 농도가 2156.6ppm으로 매우 높습니다.', 'CO2', 1, '2025-10-02 12:06:47'),
	(500, 'CO2 농도가 2168.6ppm으로 매우 높습니다.', 'CO2', 1, '2025-10-02 12:06:50'),
	(501, 'CO2 농도가 2174.6ppm으로 매우 높습니다.', 'CO2', 1, '2025-10-02 12:06:52'),
	(502, 'CO2 농도가 2156.6ppm으로 매우 높습니다.', 'CO2', 1, '2025-10-02 12:06:54'),
	(503, 'CO2 농도가 2168.6ppm으로 매우 높습니다.', 'CO2', 1, '2025-10-02 12:06:57'),
	(504, 'CO2 농도가 2017.2ppm으로 매우 높습니다.', 'CO2', 1, '2025-10-02 12:06:58'),
	(505, 'CO2 농도가 2091.7ppm으로 매우 높습니다.', 'CO2', 1, '2025-10-02 12:06:59'),
	(506, 'CO2 농도가 2156.6ppm으로 매우 높습니다.', 'CO2', 1, '2025-10-02 12:07:02'),
	(507, 'CO2 농도가 2198.8ppm으로 매우 높습니다.', 'CO2', 1, '2025-10-02 12:07:04'),
	(508, 'CO2 농도가 2223.2ppm으로 매우 높습니다.', 'CO2', 1, '2025-10-02 12:07:06'),
	(509, 'CO2 농도가 2198.8ppm으로 매우 높습니다.', 'CO2', 1, '2025-10-02 12:07:09'),
	(510, 'CO2 농도가 2186.7ppm으로 매우 높습니다.', 'CO2', 1, '2025-10-02 12:07:11'),
	(511, 'CO2 농도가 2186.7ppm으로 매우 높습니다.', 'CO2', 1, '2025-10-02 12:07:14'),
	(512, 'CO2 농도가 2085.9ppm으로 매우 높습니다.', 'CO2', 1, '2025-10-02 12:07:15'),
	(513, 'CO2 농도가 2180.6ppm으로 매우 높습니다.', 'CO2', 1, '2025-10-02 12:07:17'),
	(514, 'CO2 농도가 2180.6ppm으로 매우 높습니다.', 'CO2', 1, '2025-10-02 12:07:20'),
	(515, 'CO2 농도가 2174.6ppm으로 매우 높습니다.', 'CO2', 1, '2025-10-02 12:07:22'),
	(516, 'CO2 농도가 2138.8ppm으로 매우 높습니다.', 'CO2', 1, '2025-10-02 12:07:24'),
	(517, 'CO2 농도가 2051.3ppm으로 매우 높습니다.', 'CO2', 1, '2025-10-02 12:07:25'),
	(518, 'CO2 농도가 2000.3ppm으로 매우 높습니다.', 'CO2', 1, '2025-10-02 12:07:27'),
	(519, 'CO2 농도가 2138.8ppm으로 매우 높습니다.', 'CO2', 1, '2025-10-02 12:07:29'),
	(520, 'CO2 농도가 2168.6ppm으로 매우 높습니다.', 'CO2', 1, '2025-10-02 12:07:32'),
	(521, 'CO2 농도가 2168.6ppm으로 매우 높습니다.', 'CO2', 1, '2025-10-02 12:07:34'),
	(522, 'CO2 농도가 2138.8ppm으로 매우 높습니다.', 'CO2', 1, '2025-10-02 12:07:36'),
	(523, 'CO2 농도가 2138.8ppm으로 매우 높습니다.', 'CO2', 1, '2025-10-02 12:07:39'),
	(524, 'CO2 농도가 2115.1ppm으로 매우 높습니다.', 'CO2', 1, '2025-10-02 12:07:42'),
	(525, 'CO2 농도가 2132.8ppm으로 매우 높습니다.', 'CO2', 1, '2025-10-02 12:07:46'),
	(526, 'CO2 농도가 2156.6ppm으로 매우 높습니다.', 'CO2', 1, '2025-10-02 12:07:48'),
	(527, 'CO2 농도가 2138.8ppm으로 매우 높습니다.', 'CO2', 1, '2025-10-02 12:07:51'),
	(528, 'CO2 농도가 2144.7ppm으로 매우 높습니다.', 'CO2', 1, '2025-10-02 12:07:54'),
	(529, 'CO2 농도가 2150.7ppm으로 매우 높습니다.', 'CO2', 1, '2025-10-02 12:07:57'),
	(530, 'CO2 농도가 2138.8ppm으로 매우 높습니다.', 'CO2', 1, '2025-10-02 12:07:59'),
	(531, 'CO2 농도가 2174.6ppm으로 매우 높습니다.', 'CO2', 1, '2025-10-02 12:08:01'),
	(532, 'CO2 농도가 2074.3ppm으로 매우 높습니다.', 'CO2', 1, '2025-10-02 12:08:02'),
	(533, 'CO2 농도가 2168.6ppm으로 매우 높습니다.', 'CO2', 1, '2025-10-02 12:08:05'),
	(534, 'CO2 농도가 2186.7ppm으로 매우 높습니다.', 'CO2', 1, '2025-10-02 12:08:07'),
	(535, 'CO2 농도가 2198.8ppm으로 매우 높습니다.', 'CO2', 1, '2025-10-02 12:08:09'),
	(536, 'CO2 농도가 2168.6ppm으로 매우 높습니다.', 'CO2', 1, '2025-10-02 12:08:12'),
	(537, 'CO2 농도가 2150.7ppm으로 매우 높습니다.', 'CO2', 1, '2025-10-02 12:08:14'),
	(538, 'CO2 농도가 2138.8ppm으로 매우 높습니다.', 'CO2', 1, '2025-10-02 12:08:17'),
	(539, 'CO2 농도가 2126.9ppm으로 매우 높습니다.', 'CO2', 1, '2025-10-02 12:08:19'),
	(540, 'CO2 농도가 2121.0ppm으로 매우 높습니다.', 'CO2', 1, '2025-10-02 12:08:24'),
	(541, 'CO2 농도가 2091.7ppm으로 매우 높습니다.', 'CO2', 1, '2025-10-02 12:08:29'),
	(542, 'CO2 농도가 2121.0ppm으로 매우 높습니다.', 'CO2', 1, '2025-10-02 12:08:32'),
	(543, 'CO2 농도가 2000.3ppm으로 매우 높습니다.', 'CO2', 1, '2025-10-02 12:08:33'),
	(544, 'CO2 농도가 2062.8ppm으로 매우 높습니다.', 'CO2', 1, '2025-10-02 12:08:34'),
	(545, 'CO2 농도가 2150.7ppm으로 매우 높습니다.', 'CO2', 1, '2025-10-02 12:08:36'),
	(546, 'CO2 농도가 2174.6ppm으로 매우 높습니다.', 'CO2', 1, '2025-10-02 12:08:40'),
	(547, 'CO2 농도가 2192.7ppm으로 매우 높습니다.', 'CO2', 1, '2025-10-02 12:08:42'),
	(548, 'CO2 농도가 2192.7ppm으로 매우 높습니다.', 'CO2', 1, '2025-10-02 12:08:45'),
	(549, 'CO2 농도가 2144.7ppm으로 매우 높습니다.', 'CO2', 1, '2025-10-02 12:08:47'),
	(550, 'CO2 농도가 2017.2ppm으로 매우 높습니다.', 'CO2', 1, '2025-10-02 12:08:48'),
	(551, 'CO2 농도가 2121.0ppm으로 매우 높습니다.', 'CO2', 1, '2025-10-02 12:08:51'),
	(552, 'CO2 농도가 2121.0ppm으로 매우 높습니다.', 'CO2', 1, '2025-10-02 12:08:57'),
	(553, 'CO2 농도가 2162.6ppm으로 매우 높습니다.', 'CO2', 1, '2025-10-02 12:08:59'),
	(554, 'CO2 농도가 2121.0ppm으로 매우 높습니다.', 'CO2', 1, '2025-10-02 12:09:04'),
	(555, 'CO2 농도가 2144.7ppm으로 매우 높습니다.', 'CO2', 1, '2025-10-02 12:09:06'),
	(556, 'CO2 농도가 2126.9ppm으로 매우 높습니다.', 'CO2', 1, '2025-10-02 12:09:11'),
	(557, 'CO2 농도가 2057.0ppm으로 매우 높습니다.', 'CO2', 1, '2025-10-02 12:09:13'),
	(558, 'CO2 농도가 2028.5ppm으로 매우 높습니다.', 'CO2', 1, '2025-10-02 12:09:15'),
	(559, 'CO2 농도가 2150.7ppm으로 매우 높습니다.', 'CO2', 1, '2025-10-02 12:09:28'),
	(560, 'CO2 농도가 2192.7ppm으로 매우 높습니다.', 'CO2', 1, '2025-10-02 12:09:30'),
	(561, 'CO2 농도가 2162.6ppm으로 매우 높습니다.', 'CO2', 1, '2025-10-02 12:09:32'),
	(562, 'CO2 농도가 2162.6ppm으로 매우 높습니다.', 'CO2', 1, '2025-10-02 12:09:35'),
	(563, 'CO2 농도가 2115.1ppm으로 매우 높습니다.', 'CO2', 1, '2025-10-02 12:09:37'),
	(564, 'CO2 농도가 2103.4ppm으로 매우 높습니다.', 'CO2', 1, '2025-10-02 12:09:40'),
	(565, 'CO2 농도가 2085.9ppm으로 매우 높습니다.', 'CO2', 1, '2025-10-02 12:09:42'),
	(566, 'CO2 농도가 2068.6ppm으로 매우 높습니다.', 'CO2', 1, '2025-10-02 12:09:44'),
	(567, 'CO2 농도가 2068.6ppm으로 매우 높습니다.', 'CO2', 1, '2025-10-02 12:09:47'),
	(568, 'CO2 농도가 2068.6ppm으로 매우 높습니다.', 'CO2', 1, '2025-10-02 12:09:49'),
	(569, 'CO2 농도가 2057.0ppm으로 매우 높습니다.', 'CO2', 1, '2025-10-02 12:09:53'),
	(570, 'CO2 농도가 2068.6ppm으로 매우 높습니다.', 'CO2', 1, '2025-10-02 12:09:55'),
	(571, 'CO2 농도가 2057.0ppm으로 매우 높습니다.', 'CO2', 1, '2025-10-02 12:09:58'),
	(572, 'CO2 농도가 2039.9ppm으로 매우 높습니다.', 'CO2', 1, '2025-10-02 12:10:01'),
	(573, 'CO2 농도가 2045.6ppm으로 매우 높습니다.', 'CO2', 1, '2025-10-02 12:10:03'),
	(574, 'CO2 농도가 2062.8ppm으로 매우 높습니다.', 'CO2', 1, '2025-10-02 12:10:05'),
	(575, 'CO2 농도가 2062.8ppm으로 매우 높습니다.', 'CO2', 1, '2025-10-02 12:10:08'),
	(576, 'CO2 농도가 2034.2ppm으로 매우 높습니다.', 'CO2', 1, '2025-10-02 12:10:10'),
	(577, 'CO2 농도가 2039.9ppm으로 매우 높습니다.', 'CO2', 1, '2025-10-02 12:10:13'),
	(578, 'CO2 농도가 2022.8ppm으로 매우 높습니다.', 'CO2', 1, '2025-10-02 12:10:15'),
	(579, 'CO2 농도가 2051.3ppm으로 매우 높습니다.', 'CO2', 1, '2025-10-02 12:10:22'),
	(580, 'CO2 농도가 2080.1ppm으로 매우 높습니다.', 'CO2', 1, '2025-10-02 12:10:24'),
	(581, 'CO2 농도가 2062.8ppm으로 매우 높습니다.', 'CO2', 1, '2025-10-02 12:10:27'),
	(582, 'CO2 농도가 2062.8ppm으로 매우 높습니다.', 'CO2', 1, '2025-10-02 12:10:29'),
	(583, 'CO2 농도가 2028.5ppm으로 매우 높습니다.', 'CO2', 1, '2025-10-02 12:10:35'),
	(584, 'CO2 농도가 2062.8ppm으로 매우 높습니다.', 'CO2', 1, '2025-10-02 12:10:37'),
	(585, 'CO2 농도가 2000.3ppm으로 매우 높습니다.', 'CO2', 1, '2025-10-02 12:10:38'),
	(586, 'CO2 농도가 2045.6ppm으로 매우 높습니다.', 'CO2', 1, '2025-10-02 12:10:41'),
	(587, 'CO2 농도가 2057.0ppm으로 매우 높습니다.', 'CO2', 1, '2025-10-02 12:10:43'),
	(588, 'CO2 농도가 2028.5ppm으로 매우 높습니다.', 'CO2', 1, '2025-10-02 12:10:45'),
	(589, 'CO2 농도가 2034.2ppm으로 매우 높습니다.', 'CO2', 1, '2025-10-02 12:10:48'),
	(590, 'CO2 농도가 2022.8ppm으로 매우 높습니다.', 'CO2', 1, '2025-10-02 12:10:50'),
	(591, 'CO2 농도가 2028.5ppm으로 매우 높습니다.', 'CO2', 1, '2025-10-02 12:10:55'),
	(592, 'CO2 농도가 2051.3ppm으로 매우 높습니다.', 'CO2', 1, '2025-10-02 12:10:57'),
	(593, 'CO2 농도가 2051.3ppm으로 매우 높습니다.', 'CO2', 1, '2025-10-02 12:11:01'),
	(594, 'CO2 농도가 2103.4ppm으로 매우 높습니다.', 'CO2', 1, '2025-10-02 12:11:12'),
	(595, 'CO2 농도가 2121.0ppm으로 매우 높습니다.', 'CO2', 1, '2025-10-02 12:11:15'),
	(596, 'CO2 농도가 2085.9ppm으로 매우 높습니다.', 'CO2', 1, '2025-10-02 12:11:17'),
	(597, 'CO2 농도가 2068.6ppm으로 매우 높습니다.', 'CO2', 1, '2025-10-02 12:11:19'),
	(598, 'CO2 농도가 2034.2ppm으로 매우 높습니다.', 'CO2', 1, '2025-10-02 12:11:22'),
	(599, 'CO2 농도가 2005.9ppm으로 매우 높습니다.', 'CO2', 1, '2025-10-02 12:11:24'),
	(600, 'CO2 농도가 2005.9ppm으로 매우 높습니다.', 'CO2', 1, '2025-10-02 12:11:39'),
	(601, 'CO2 농도가 2017.2ppm으로 매우 높습니다.', 'CO2', 1, '2025-10-02 12:11:41'),
	(602, 'CO2 농도가 2034.2ppm으로 매우 높습니다.', 'CO2', 1, '2025-10-02 12:11:43'),
	(603, 'CO2 농도가 2011.5ppm으로 매우 높습니다.', 'CO2', 1, '2025-10-02 12:11:46'),
	(604, 'CO2 농도가 2028.5ppm으로 매우 높습니다.', 'CO2', 1, '2025-10-02 12:11:48'),
	(605, 'CO2 농도가 2000.3ppm으로 매우 높습니다.', 'CO2', 1, '2025-10-02 12:12:00'),
	(606, 'CO2 농도가 2000.3ppm으로 매우 높습니다.', 'CO2', 1, '2025-10-02 12:12:02'),
	(607, 'CO2 농도가 2000.3ppm으로 매우 높습니다.', 'CO2', 1, '2025-10-02 12:12:17'),
	(608, 'CO2 농도가 2000.3ppm으로 매우 높습니다.', 'CO2', 1, '2025-10-02 12:12:20'),
	(609, 'CO2 농도가 2011.5ppm으로 매우 높습니다.', 'CO2', 1, '2025-10-02 12:12:23'),
	(610, 'CO2 농도가 2017.2ppm으로 매우 높습니다.', 'CO2', 1, '2025-10-02 12:12:25'),
	(611, 'CO2 농도가 2017.2ppm으로 매우 높습니다.', 'CO2', 1, '2025-10-02 12:12:34'),
	(612, 'CO2 농도가 2028.5ppm으로 매우 높습니다.', 'CO2', 1, '2025-10-02 12:12:36'),
	(613, 'CO2 농도가 2005.9ppm으로 매우 높습니다.', 'CO2', 1, '2025-10-02 12:12:40'),
	(614, 'CO2 농도가 2017.2ppm으로 매우 높습니다.', 'CO2', 1, '2025-10-02 12:12:45'),
	(615, 'CO2 농도가 2080.1ppm으로 매우 높습니다.', 'CO2', 1, '2025-10-02 12:12:54'),
	(616, 'CO2 농도가 2097.6ppm으로 매우 높습니다.', 'CO2', 1, '2025-10-02 12:13:01'),
	(617, 'CO2 농도가 2051.3ppm으로 매우 높습니다.', 'CO2', 1, '2025-10-02 12:13:02'),
	(618, 'CO2 농도가 2103.4ppm으로 매우 높습니다.', 'CO2', 1, '2025-10-02 12:13:04'),
	(619, 'CO2 농도가 2097.6ppm으로 매우 높습니다.', 'CO2', 1, '2025-10-02 12:13:07'),
	(620, 'CO2 농도가 2085.9ppm으로 매우 높습니다.', 'CO2', 1, '2025-10-02 12:13:09'),
	(621, 'CO2 농도가 2045.6ppm으로 매우 높습니다.', 'CO2', 1, '2025-10-02 12:13:15'),
	(622, 'CO2 농도가 2439.8ppm으로 매우 높습니다.', 'CO2', 1, '2025-10-02 12:13:37'),
	(623, '암모니아 농도가 25.461ppm으로 높습니다.', 'NH3', 1, '2025-10-02 12:13:38'),
	(624, 'CO2 농도가 2479.8ppm으로 매우 높습니다.', 'CO2', 1, '2025-10-02 12:13:40'),
	(625, '암모니아 농도가 25.771ppm으로 높습니다.', 'NH3', 1, '2025-10-02 12:13:40'),
	(626, 'CO2 농도가 2775.5ppm으로 매우 높습니다.', 'CO2', 1, '2025-10-02 12:13:41'),
	(627, '암모니아 농도가 28.700ppm으로 높습니다.', 'NH3', 1, '2025-10-02 12:13:41'),
	(628, 'CO2 농도가 2426.6ppm으로 매우 높습니다.', 'CO2', 1, '2025-10-02 12:13:43'),
	(629, '암모니아 농도가 25.155ppm으로 높습니다.', 'NH3', 1, '2025-10-02 12:13:43'),
	(630, 'CO2 농도가 2926.4ppm으로 매우 높습니다.', 'CO2', 1, '2025-10-02 12:13:45'),
	(631, '암모니아 농도가 29.735ppm으로 높습니다.', 'NH3', 1, '2025-10-02 12:13:45'),
	(632, 'CO2 농도가 2285.1ppm으로 매우 높습니다.', 'CO2', 1, '2025-10-02 12:13:46'),
	(633, 'CO2 농도가 2857.7ppm으로 매우 높습니다.', 'CO2', 1, '2025-10-02 12:13:49'),
	(634, '암모니아 농도가 29.042ppm으로 높습니다.', 'NH3', 1, '2025-10-02 12:13:49'),
	(635, 'CO2 농도가 2198.8ppm으로 매우 높습니다.', 'CO2', 1, '2025-10-02 12:13:50'),
	(636, 'CO2 농도가 2673.8ppm으로 매우 높습니다.', 'CO2', 1, '2025-10-02 12:13:54'),
	(637, '암모니아 농도가 27.366ppm으로 높습니다.', 'NH3', 1, '2025-10-02 12:13:54'),
	(638, 'CO2 농도가 2738.8ppm으로 매우 높습니다.', 'CO2', 1, '2025-10-02 12:13:56'),
	(639, '암모니아 농도가 27.695ppm으로 높습니다.', 'NH3', 1, '2025-10-02 12:13:56'),
	(640, 'CO2 농도가 2062.8ppm으로 매우 높습니다.', 'CO2', 1, '2025-10-02 12:14:00'),
	(641, '암모니아 농도가 26.084ppm으로 높습니다.', 'NH3', 1, '2025-10-02 12:14:02'),
	(642, 'CO2 농도가 2957.4ppm으로 매우 높습니다.', 'CO2', 1, '2025-10-02 12:14:03'),
	(643, '암모니아 농도가 29.735ppm으로 높습니다.', 'NH3', 1, '2025-10-02 12:14:03'),
	(644, 'CO2 농도가 2380.8ppm으로 매우 높습니다.', 'CO2', 1, '2025-10-02 12:14:05'),
	(645, '암모니아 농도가 25.461ppm으로 높습니다.', 'NH3', 1, '2025-10-02 12:14:05'),
	(646, 'CO2 농도가 2850.1ppm으로 매우 높습니다.', 'CO2', 1, '2025-10-02 12:14:07'),
	(647, '암모니아 농도가 28.700ppm으로 높습니다.', 'NH3', 1, '2025-10-02 12:14:07'),
	(648, 'CO2 농도가 2746.1ppm으로 매우 높습니다.', 'CO2', 1, '2025-10-02 12:14:08'),
	(649, '암모니아 농도가 28.362ppm으로 높습니다.', 'NH3', 1, '2025-10-02 12:14:08'),
	(650, 'CO2 농도가 2603.1ppm으로 매우 높습니다.', 'CO2', 1, '2025-10-02 12:14:10'),
	(651, '암모니아 농도가 26.719ppm으로 높습니다.', 'NH3', 1, '2025-10-02 12:14:10'),
	(652, 'CO2 농도가 2681.0ppm으로 매우 높습니다.', 'CO2', 1, '2025-10-02 12:14:12'),
	(653, '암모니아 농도가 27.366ppm으로 높습니다.', 'NH3', 1, '2025-10-02 12:14:12'),
	(654, 'CO2 농도가 2603.1ppm으로 매우 높습니다.', 'CO2', 1, '2025-10-02 12:14:15'),
	(655, '암모니아 농도가 26.719ppm으로 높습니다.', 'NH3', 1, '2025-10-02 12:14:15'),
	(656, 'CO2 농도가 2479.8ppm으로 매우 높습니다.', 'CO2', 1, '2025-10-02 12:14:17'),
	(657, '암모니아 농도가 25.771ppm으로 높습니다.', 'NH3', 1, '2025-10-02 12:14:17'),
	(658, 'CO2 농도가 2393.8ppm으로 매우 높습니다.', 'CO2', 1, '2025-10-02 12:14:20'),
	(659, 'CO2 농도가 2186.7ppm으로 매우 높습니다.', 'CO2', 1, '2025-10-02 12:14:21'),
	(660, 'CO2 농도가 2247.8ppm으로 매우 높습니다.', 'CO2', 1, '2025-10-02 12:14:23'),
	(661, 'CO2 농도가 2241.6ppm으로 매우 높습니다.', 'CO2', 1, '2025-10-02 12:14:26'),
	(662, 'CO2 농도가 2144.7ppm으로 매우 높습니다.', 'CO2', 1, '2025-10-02 12:14:27'),
	(663, 'CO2 농도가 2115.1ppm으로 매우 높습니다.', 'CO2', 1, '2025-10-02 12:14:28'),
	(664, 'CO2 농도가 2068.6ppm으로 매우 높습니다.', 'CO2', 1, '2025-10-02 12:14:29'),
	(665, 'CO2 농도가 2103.4ppm으로 매우 높습니다.', 'CO2', 1, '2025-10-02 12:14:31'),
	(666, 'CO2 농도가 2051.3ppm으로 매우 높습니다.', 'CO2', 1, '2025-10-02 12:14:32'),
	(667, 'CO2 농도가 2045.6ppm으로 매우 높습니다.', 'CO2', 1, '2025-10-02 12:14:33'),
	(668, 'CO2 농도가 2080.1ppm으로 매우 높습니다.', 'CO2', 1, '2025-10-02 12:14:34'),
	(669, 'CO2 농도가 2241.6ppm으로 매우 높습니다.', 'CO2', 1, '2025-10-02 12:14:38'),
	(670, 'CO2 농도가 2229.3ppm으로 매우 높습니다.', 'CO2', 1, '2025-10-02 12:14:40'),
	(671, 'CO2 농도가 2198.8ppm으로 매우 높습니다.', 'CO2', 1, '2025-10-02 12:14:43'),
	(672, 'CO2 농도가 2132.8ppm으로 매우 높습니다.', 'CO2', 1, '2025-10-02 12:14:45'),
	(673, 'CO2 농도가 2039.9ppm으로 매우 높습니다.', 'CO2', 1, '2025-10-02 12:14:47'),
	(674, 'CO2 농도가 2028.5ppm으로 매우 높습니다.', 'CO2', 1, '2025-10-02 12:14:50'),
	(675, 'CO2 농도가 2045.6ppm으로 매우 높습니다.', 'CO2', 1, '2025-10-02 12:15:01'),
	(676, 'CO2 농도가 2045.6ppm으로 매우 높습니다.', 'CO2', 1, '2025-10-02 12:15:03'),
	(677, 'CO2 농도가 2011.5ppm으로 매우 높습니다.', 'CO2', 1, '2025-10-02 12:15:07'),
	(678, 'CO2 농도가 2005.9ppm으로 매우 높습니다.', 'CO2', 1, '2025-10-02 12:15:52'),
	(679, 'CO2 농도가 2062.8ppm으로 매우 높습니다.', 'CO2', 1, '2025-10-02 12:17:58'),
	(680, 'CO2 농도가 2121.0ppm으로 매우 높습니다.', 'CO2', 1, '2025-10-02 12:18:03'),
	(681, 'CO2 농도가 2174.6ppm으로 매우 높습니다.', 'CO2', 1, '2025-10-02 12:18:05'),
	(682, 'CO2 농도가 2210.9ppm으로 매우 높습니다.', 'CO2', 1, '2025-10-02 12:18:07'),
	(683, 'CO2 농도가 2150.7ppm으로 매우 높습니다.', 'CO2', 1, '2025-10-02 12:18:08'),
	(684, 'CO2 농도가 2266.4ppm으로 매우 높습니다.', 'CO2', 1, '2025-10-02 12:18:11'),
	(685, 'CO2 농도가 2316.7ppm으로 매우 높습니다.', 'CO2', 1, '2025-10-02 12:18:13'),
	(686, 'CO2 농도가 2374.3ppm으로 매우 높습니다.', 'CO2', 1, '2025-10-02 12:18:16'),
	(687, 'CO2 농도가 2374.3ppm으로 매우 높습니다.', 'CO2', 1, '2025-10-02 12:18:18'),
	(688, 'CO2 농도가 2400.3ppm으로 매우 높습니다.', 'CO2', 1, '2025-10-02 12:18:20'),
	(689, 'CO2 농도가 2374.3ppm으로 매우 높습니다.', 'CO2', 1, '2025-10-02 12:18:24'),
	(690, 'CO2 농도가 2433.2ppm으로 매우 높습니다.', 'CO2', 1, '2025-10-02 12:18:26'),
	(691, '암모니아 농도가 25.155ppm으로 높습니다.', 'NH3', 1, '2025-10-02 12:18:26'),
	(692, 'CO2 농도가 2439.8ppm으로 매우 높습니다.', 'CO2', 1, '2025-10-02 12:18:29'),
	(693, '암모니아 농도가 25.155ppm으로 높습니다.', 'NH3', 1, '2025-10-02 12:18:29'),
	(694, 'CO2 농도가 2235.5ppm으로 매우 높습니다.', 'CO2', 1, '2025-10-02 12:18:30'),
	(695, 'CO2 농도가 2439.8ppm으로 매우 높습니다.', 'CO2', 1, '2025-10-02 12:18:32'),
	(696, '암모니아 농도가 25.461ppm으로 높습니다.', 'NH3', 1, '2025-10-02 12:18:32'),
	(697, 'CO2 농도가 2304.0ppm으로 매우 높습니다.', 'CO2', 1, '2025-10-02 12:18:34'),
	(698, 'CO2 농도가 2426.6ppm으로 매우 높습니다.', 'CO2', 1, '2025-10-02 12:18:36'),
	(699, 'CO2 농도가 2466.4ppm으로 매우 높습니다.', 'CO2', 1, '2025-10-02 12:18:39'),
	(700, '암모니아 농도가 25.155ppm으로 높습니다.', 'NH3', 1, '2025-10-02 12:18:39'),
	(701, 'CO2 농도가 2486.5ppm으로 매우 높습니다.', 'CO2', 1, '2025-10-02 12:18:41'),
	(702, '암모니아 농도가 25.461ppm으로 높습니다.', 'NH3', 1, '2025-10-02 12:18:41'),
	(703, 'CO2 농도가 2348.6ppm으로 매우 높습니다.', 'CO2', 1, '2025-10-02 12:18:42'),
	(704, 'CO2 농도가 2446.4ppm으로 매우 높습니다.', 'CO2', 1, '2025-10-02 12:18:45'),
	(705, '암모니아 농도가 25.155ppm으로 높습니다.', 'NH3', 1, '2025-10-02 12:18:45'),
	(706, 'CO2 농도가 2310.3ppm으로 매우 높습니다.', 'CO2', 1, '2025-10-02 12:18:46'),
	(707, 'CO2 농도가 2011.5ppm으로 매우 높습니다.', 'CO2', 1, '2025-10-02 12:18:47'),
	(708, 'CO2 농도가 2254.0ppm으로 매우 높습니다.', 'CO2', 1, '2025-10-02 12:18:49'),
	(709, 'CO2 농도가 2413.4ppm으로 매우 높습니다.', 'CO2', 1, '2025-10-02 12:18:50'),
	(710, 'CO2 농도가 2561.4ppm으로 매우 높습니다.', 'CO2', 1, '2025-10-02 12:18:52'),
	(711, '암모니아 농도가 26.400ppm으로 높습니다.', 'NH3', 1, '2025-10-02 12:18:52'),
	(712, 'CO2 농도가 2575.3ppm으로 매우 높습니다.', 'CO2', 1, '2025-10-02 12:18:55'),
	(713, '암모니아 농도가 26.719ppm으로 높습니다.', 'NH3', 1, '2025-10-02 12:18:55'),
	(714, 'CO2 농도가 2575.3ppm으로 매우 높습니다.', 'CO2', 1, '2025-10-02 12:18:57'),
	(715, '암모니아 농도가 26.400ppm으로 높습니다.', 'NH3', 1, '2025-10-02 12:18:57'),
	(716, 'CO2 농도가 2589.1ppm으로 매우 높습니다.', 'CO2', 1, '2025-10-02 12:19:00'),
	(717, '암모니아 농도가 26.400ppm으로 높습니다.', 'NH3', 1, '2025-10-02 12:19:00'),
	(718, 'CO2 농도가 2582.2ppm으로 매우 높습니다.', 'CO2', 1, '2025-10-02 12:19:02'),
	(719, '암모니아 농도가 26.719ppm으로 높습니다.', 'NH3', 1, '2025-10-02 12:19:02'),
	(720, 'CO2 농도가 2554.5ppm으로 매우 높습니다.', 'CO2', 1, '2025-10-02 12:19:07'),
	(721, '암모니아 농도가 26.084ppm으로 높습니다.', 'NH3', 1, '2025-10-02 12:19:07'),
	(722, 'CO2 농도가 2000.3ppm으로 매우 높습니다.', 'CO2', 1, '2025-10-02 12:36:57'),
	(723, 'CO2 농도가 2045.6ppm으로 매우 높습니다.', 'CO2', 1, '2025-10-02 12:37:09'),
	(724, 'CO2 농도가 2057.0ppm으로 매우 높습니다.', 'CO2', 1, '2025-10-02 12:37:11'),
	(725, 'CO2 농도가 2045.6ppm으로 매우 높습니다.', 'CO2', 1, '2025-10-02 12:37:14'),
	(726, 'CO2 농도가 2080.1ppm으로 매우 높습니다.', 'CO2', 1, '2025-10-02 12:37:21'),
	(727, 'CO2 농도가 2121.0ppm으로 매우 높습니다.', 'CO2', 1, '2025-10-02 12:37:24'),
	(728, 'CO2 농도가 2080.1ppm으로 매우 높습니다.', 'CO2', 1, '2025-10-02 12:37:27'),
	(729, 'CO2 농도가 2068.6ppm으로 매우 높습니다.', 'CO2', 1, '2025-10-02 12:37:30'),
	(730, 'CO2 농도가 2057.0ppm으로 매우 높습니다.', 'CO2', 1, '2025-10-02 12:37:32'),
	(731, 'CO2 농도가 2062.8ppm으로 매우 높습니다.', 'CO2', 1, '2025-10-02 12:37:34'),
	(732, 'CO2 농도가 2074.3ppm으로 매우 높습니다.', 'CO2', 1, '2025-10-02 12:37:37'),
	(733, 'CO2 농도가 2045.6ppm으로 매우 높습니다.', 'CO2', 1, '2025-10-02 12:37:39'),
	(734, 'CO2 농도가 2045.6ppm으로 매우 높습니다.', 'CO2', 1, '2025-10-02 12:37:41'),
	(735, 'CO2 농도가 2011.5ppm으로 매우 높습니다.', 'CO2', 1, '2025-10-02 12:37:43'),
	(736, 'CO2 농도가 2045.6ppm으로 매우 높습니다.', 'CO2', 1, '2025-10-02 12:37:46'),
	(737, 'CO2 농도가 2062.8ppm으로 매우 높습니다.', 'CO2', 1, '2025-10-02 12:37:49'),
	(738, 'CO2 농도가 2109.3ppm으로 매우 높습니다.', 'CO2', 1, '2025-10-02 12:37:54'),
	(739, 'CO2 농도가 2034.2ppm으로 매우 높습니다.', 'CO2', 1, '2025-10-02 12:37:55'),
	(740, 'CO2 농도가 2011.5ppm으로 매우 높습니다.', 'CO2', 1, '2025-10-02 12:37:57'),
	(741, 'CO2 농도가 2068.6ppm으로 매우 높습니다.', 'CO2', 1, '2025-10-02 12:37:58'),
	(742, 'CO2 농도가 2486.5ppm으로 매우 높습니다.', 'CO2', 1, '2025-10-02 12:38:00'),
	(743, '암모니아 농도가 25.771ppm으로 높습니다.', 'NH3', 1, '2025-10-02 12:38:00'),
	(744, 'CO2 농도가 2406.9ppm으로 매우 높습니다.', 'CO2', 1, '2025-10-02 12:38:03'),
	(745, '암모니아 농도가 25.155ppm으로 높습니다.', 'NH3', 1, '2025-10-02 12:38:03'),
	(746, 'CO2 농도가 2367.9ppm으로 매우 높습니다.', 'CO2', 1, '2025-10-02 12:38:05'),
	(747, 'CO2 농도가 2304.0ppm으로 매우 높습니다.', 'CO2', 1, '2025-10-02 12:38:06'),
	(748, 'CO2 농도가 2361.4ppm으로 매우 높습니다.', 'CO2', 1, '2025-10-02 12:38:09'),
	(749, 'CO2 농도가 2310.3ppm으로 매우 높습니다.', 'CO2', 1, '2025-10-02 12:38:11'),
	(750, 'CO2 농도가 2329.4ppm으로 매우 높습니다.', 'CO2', 1, '2025-10-02 12:38:14'),
	(751, 'CO2 농도가 2380.8ppm으로 매우 높습니다.', 'CO2', 1, '2025-10-02 12:38:16'),
	(752, 'CO2 농도가 2198.8ppm으로 매우 높습니다.', 'CO2', 1, '2025-10-02 12:38:17'),
	(753, 'CO2 농도가 2342.1ppm으로 매우 높습니다.', 'CO2', 1, '2025-10-02 12:38:20'),
	(754, 'CO2 농도가 2387.3ppm으로 매우 높습니다.', 'CO2', 1, '2025-10-02 12:38:22'),
	(755, 'CO2 농도가 2097.6ppm으로 매우 높습니다.', 'CO2', 1, '2025-10-02 12:38:24'),
	(756, 'CO2 농도가 2374.3ppm으로 매우 높습니다.', 'CO2', 1, '2025-10-02 12:38:27'),
	(757, 'CO2 농도가 2446.4ppm으로 매우 높습니다.', 'CO2', 1, '2025-10-02 12:38:29'),
	(758, '암모니아 농도가 25.155ppm으로 높습니다.', 'NH3', 1, '2025-10-02 12:38:29'),
	(759, 'CO2 농도가 2413.4ppm으로 매우 높습니다.', 'CO2', 1, '2025-10-02 12:38:32'),
	(760, '암모니아 농도가 25.461ppm으로 높습니다.', 'NH3', 1, '2025-10-02 12:38:32'),
	(761, 'CO2 농도가 2387.3ppm으로 매우 높습니다.', 'CO2', 1, '2025-10-02 12:38:34'),
	(762, 'CO2 농도가 2355.0ppm으로 매우 높습니다.', 'CO2', 1, '2025-10-02 12:38:37'),
	(763, 'CO2 농도가 2335.8ppm으로 매우 높습니다.', 'CO2', 1, '2025-10-02 12:38:39'),
	(764, 'CO2 농도가 2316.7ppm으로 매우 높습니다.', 'CO2', 1, '2025-10-02 12:38:41'),
	(765, 'CO2 농도가 2329.4ppm으로 매우 높습니다.', 'CO2', 1, '2025-10-02 12:38:44'),
	(766, 'CO2 농도가 2316.7ppm으로 매우 높습니다.', 'CO2', 1, '2025-10-02 12:38:46'),
	(767, 'CO2 농도가 2198.8ppm으로 매우 높습니다.', 'CO2', 1, '2025-10-02 12:38:47'),
	(768, 'CO2 농도가 2080.1ppm으로 매우 높습니다.', 'CO2', 1, '2025-10-02 12:38:48'),
	(769, 'CO2 농도가 2297.7ppm으로 매우 높습니다.', 'CO2', 1, '2025-10-02 12:38:51'),
	(770, 'CO2 농도가 2323.0ppm으로 매우 높습니다.', 'CO2', 1, '2025-10-02 12:38:53'),
	(771, 'CO2 농도가 2323.0ppm으로 매우 높습니다.', 'CO2', 1, '2025-10-02 12:38:56'),
	(772, 'CO2 농도가 2304.0ppm으로 매우 높습니다.', 'CO2', 1, '2025-10-02 12:38:58'),
	(773, 'CO2 농도가 2285.1ppm으로 매우 높습니다.', 'CO2', 1, '2025-10-02 12:38:59'),
	(774, 'CO2 농도가 2316.7ppm으로 매우 높습니다.', 'CO2', 1, '2025-10-02 12:39:01'),
	(775, 'CO2 농도가 2241.6ppm으로 매우 높습니다.', 'CO2', 1, '2025-10-02 12:39:03'),
	(776, 'CO2 농도가 2323.0ppm으로 매우 높습니다.', 'CO2', 1, '2025-10-02 12:39:05'),
	(777, 'CO2 농도가 2057.0ppm으로 매우 높습니다.', 'CO2', 1, '2025-10-02 12:39:06'),
	(778, 'CO2 농도가 2210.9ppm으로 매우 높습니다.', 'CO2', 1, '2025-10-02 12:39:08'),
	(779, 'CO2 농도가 2380.8ppm으로 매우 높습니다.', 'CO2', 1, '2025-10-02 12:39:10'),
	(780, 'CO2 농도가 2393.8ppm으로 매우 높습니다.', 'CO2', 1, '2025-10-02 12:39:13'),
	(781, 'CO2 농도가 2400.3ppm으로 매우 높습니다.', 'CO2', 1, '2025-10-02 12:39:15'),
	(782, 'CO2 농도가 2323.0ppm으로 매우 높습니다.', 'CO2', 1, '2025-10-02 12:39:16'),
	(783, 'CO2 농도가 2144.7ppm으로 매우 높습니다.', 'CO2', 1, '2025-10-02 12:39:17'),
	(784, 'CO2 농도가 2355.0ppm으로 매우 높습니다.', 'CO2', 1, '2025-10-02 12:39:20'),
	(785, 'CO2 농도가 2413.4ppm으로 매우 높습니다.', 'CO2', 1, '2025-10-02 12:39:24'),
	(786, 'CO2 농도가 2342.1ppm으로 매우 높습니다.', 'CO2', 1, '2025-10-02 12:39:27'),
	(787, 'CO2 농도가 2115.1ppm으로 매우 높습니다.', 'CO2', 1, '2025-10-02 12:39:28'),
	(788, 'CO2 농도가 2316.7ppm으로 매우 높습니다.', 'CO2', 1, '2025-10-02 12:39:30'),
	(789, 'CO2 농도가 2235.5ppm으로 매우 높습니다.', 'CO2', 1, '2025-10-02 12:39:32'),
	(790, 'CO2 농도가 2291.4ppm으로 매우 높습니다.', 'CO2', 1, '2025-10-02 12:39:33'),
	(791, 'CO2 농도가 2361.4ppm으로 매우 높습니다.', 'CO2', 1, '2025-10-02 12:39:35'),
	(792, 'CO2 농도가 2413.4ppm으로 매우 높습니다.', 'CO2', 1, '2025-10-02 12:39:37'),
	(793, 'CO2 농도가 2323.0ppm으로 매우 높습니다.', 'CO2', 1, '2025-10-02 12:39:39'),
	(794, 'CO2 농도가 2420.0ppm으로 매우 높습니다.', 'CO2', 1, '2025-10-02 12:39:41'),
	(795, '암모니아 농도가 25.155ppm으로 높습니다.', 'NH3', 1, '2025-10-02 12:39:41'),
	(796, 'CO2 농도가 2109.3ppm으로 매우 높습니다.', 'CO2', 1, '2025-10-02 12:39:42'),
	(797, 'CO2 농도가 2285.1ppm으로 매우 높습니다.', 'CO2', 1, '2025-10-02 12:39:44'),
	(798, 'CO2 농도가 2406.9ppm으로 매우 높습니다.', 'CO2', 1, '2025-10-02 12:39:46'),
	(799, 'CO2 농도가 2400.3ppm으로 매우 높습니다.', 'CO2', 1, '2025-10-02 12:39:48'),
	(800, '암모니아 농도가 25.155ppm으로 높습니다.', 'NH3', 1, '2025-10-02 12:39:49'),
	(801, 'CO2 농도가 2406.9ppm으로 매우 높습니다.', 'CO2', 1, '2025-10-02 12:39:51'),
	(802, '암모니아 농도가 25.155ppm으로 높습니다.', 'NH3', 1, '2025-10-02 12:39:51'),
	(803, 'CO2 농도가 2342.1ppm으로 매우 높습니다.', 'CO2', 1, '2025-10-02 12:39:52'),
	(804, 'CO2 농도가 2348.6ppm으로 매우 높습니다.', 'CO2', 1, '2025-10-02 12:39:55'),
	(805, 'CO2 농도가 2361.4ppm으로 매우 높습니다.', 'CO2', 1, '2025-10-02 12:39:57'),
	(806, 'CO2 농도가 2180.6ppm으로 매우 높습니다.', 'CO2', 1, '2025-10-02 12:39:58'),
	(807, 'CO2 농도가 2132.8ppm으로 매우 높습니다.', 'CO2', 1, '2025-10-02 12:39:59'),
	(808, 'CO2 농도가 2367.9ppm으로 매우 높습니다.', 'CO2', 1, '2025-10-02 12:40:02'),
	(809, 'CO2 농도가 2367.9ppm으로 매우 높습니다.', 'CO2', 1, '2025-10-02 12:40:04'),
	(810, 'CO2 농도가 2400.3ppm으로 매우 높습니다.', 'CO2', 1, '2025-10-02 12:40:07'),
	(811, 'CO2 농도가 2387.3ppm으로 매우 높습니다.', 'CO2', 1, '2025-10-02 12:40:09'),
	(812, 'CO2 농도가 2210.9ppm으로 매우 높습니다.', 'CO2', 1, '2025-10-02 12:40:12'),
	(813, 'CO2 농도가 2335.8ppm으로 매우 높습니다.', 'CO2', 1, '2025-10-02 12:40:15'),
	(814, 'CO2 농도가 2361.4ppm으로 매우 높습니다.', 'CO2', 1, '2025-10-02 12:40:18'),
	(815, 'CO2 농도가 2355.0ppm으로 매우 높습니다.', 'CO2', 1, '2025-10-02 12:40:22'),
	(816, 'CO2 농도가 2367.9ppm으로 매우 높습니다.', 'CO2', 1, '2025-10-02 12:40:24'),
	(817, 'CO2 농도가 2348.6ppm으로 매우 높습니다.', 'CO2', 1, '2025-10-02 12:40:27'),
	(818, 'CO2 농도가 2316.7ppm으로 매우 높습니다.', 'CO2', 1, '2025-10-02 12:40:29'),
	(819, 'CO2 농도가 2266.4ppm으로 매우 높습니다.', 'CO2', 1, '2025-10-02 12:40:30'),
	(820, 'CO2 농도가 2278.9ppm으로 매우 높습니다.', 'CO2', 1, '2025-10-02 12:40:34'),
	(821, 'CO2 농도가 2291.4ppm으로 매우 높습니다.', 'CO2', 1, '2025-10-02 12:40:36'),
	(822, 'CO2 농도가 2297.7ppm으로 매우 높습니다.', 'CO2', 1, '2025-10-02 12:40:38'),
	(823, 'CO2 농도가 2192.7ppm으로 매우 높습니다.', 'CO2', 1, '2025-10-02 12:40:40'),
	(824, 'CO2 농도가 2260.2ppm으로 매우 높습니다.', 'CO2', 1, '2025-10-02 12:40:42'),
	(825, 'CO2 농도가 2316.7ppm으로 매우 높습니다.', 'CO2', 1, '2025-10-02 12:40:44'),
	(826, 'CO2 농도가 2156.6ppm으로 매우 높습니다.', 'CO2', 1, '2025-10-02 12:40:46'),
	(827, 'CO2 농도가 2304.0ppm으로 매우 높습니다.', 'CO2', 1, '2025-10-02 12:40:49'),
	(828, 'CO2 농도가 2297.7ppm으로 매우 높습니다.', 'CO2', 1, '2025-10-02 12:40:53'),
	(829, 'CO2 농도가 2348.6ppm으로 매우 높습니다.', 'CO2', 1, '2025-10-02 12:40:56'),
	(830, 'CO2 농도가 2342.1ppm으로 매우 높습니다.', 'CO2', 1, '2025-10-02 12:40:58'),
	(831, 'CO2 농도가 2335.8ppm으로 매우 높습니다.', 'CO2', 1, '2025-10-02 12:41:01'),
	(832, 'CO2 농도가 2329.4ppm으로 매우 높습니다.', 'CO2', 1, '2025-10-02 12:41:03'),
	(833, 'CO2 농도가 2217.1ppm으로 매우 높습니다.', 'CO2', 1, '2025-10-02 12:41:05'),
	(834, 'CO2 농도가 2278.9ppm으로 매우 높습니다.', 'CO2', 1, '2025-10-02 12:41:07'),
	(835, 'CO2 농도가 2297.7ppm으로 매우 높습니다.', 'CO2', 1, '2025-10-02 12:41:09'),
	(836, 'CO2 농도가 2291.4ppm으로 매우 높습니다.', 'CO2', 1, '2025-10-02 12:41:12'),
	(837, 'CO2 농도가 2266.4ppm으로 매우 높습니다.', 'CO2', 1, '2025-10-02 12:41:14'),
	(838, 'CO2 농도가 2285.1ppm으로 매우 높습니다.', 'CO2', 1, '2025-10-02 12:41:16'),
	(839, 'CO2 농도가 2254.0ppm으로 매우 높습니다.', 'CO2', 1, '2025-10-02 12:41:19'),
	(840, 'CO2 농도가 2266.4ppm으로 매우 높습니다.', 'CO2', 1, '2025-10-02 12:41:21'),
	(841, 'CO2 농도가 2162.6ppm으로 매우 높습니다.', 'CO2', 1, '2025-10-02 12:41:22'),
	(842, 'CO2 농도가 2241.6ppm으로 매우 높습니다.', 'CO2', 1, '2025-10-02 12:41:25'),
	(843, 'CO2 농도가 2254.0ppm으로 매우 높습니다.', 'CO2', 1, '2025-10-02 12:41:27'),
	(844, 'CO2 농도가 2285.1ppm으로 매우 높습니다.', 'CO2', 1, '2025-10-02 12:41:29'),
	(845, 'CO2 농도가 2272.6ppm으로 매우 높습니다.', 'CO2', 1, '2025-10-02 12:41:32'),
	(846, 'CO2 농도가 2260.2ppm으로 매우 높습니다.', 'CO2', 1, '2025-10-02 12:41:35'),
	(847, 'CO2 농도가 2278.9ppm으로 매우 높습니다.', 'CO2', 1, '2025-10-02 12:41:38'),
	(848, 'CO2 농도가 2285.1ppm으로 매우 높습니다.', 'CO2', 1, '2025-10-02 12:41:40'),
	(849, 'CO2 농도가 2247.8ppm으로 매우 높습니다.', 'CO2', 1, '2025-10-02 12:41:42'),
	(850, 'CO2 농도가 2186.7ppm으로 매우 높습니다.', 'CO2', 1, '2025-10-02 12:41:44'),
	(851, 'CO2 농도가 2121.0ppm으로 매우 높습니다.', 'CO2', 1, '2025-10-02 12:41:45'),
	(852, 'CO2 농도가 2260.2ppm으로 매우 높습니다.', 'CO2', 1, '2025-10-02 12:41:47'),
	(853, 'CO2 농도가 2316.7ppm으로 매우 높습니다.', 'CO2', 1, '2025-10-02 12:41:50'),
	(854, 'CO2 농도가 2278.9ppm으로 매우 높습니다.', 'CO2', 1, '2025-10-02 12:41:52'),
	(855, 'CO2 농도가 2235.5ppm으로 매우 높습니다.', 'CO2', 1, '2025-10-02 12:41:53'),
	(856, 'CO2 농도가 2278.9ppm으로 매우 높습니다.', 'CO2', 1, '2025-10-02 12:41:56'),
	(857, 'CO2 농도가 2144.7ppm으로 매우 높습니다.', 'CO2', 1, '2025-10-02 12:41:57'),
	(858, 'CO2 농도가 2285.1ppm으로 매우 높습니다.', 'CO2', 1, '2025-10-02 12:41:59'),
	(859, 'CO2 농도가 2323.0ppm으로 매우 높습니다.', 'CO2', 1, '2025-10-02 12:42:02'),
	(860, 'CO2 농도가 2304.0ppm으로 매우 높습니다.', 'CO2', 1, '2025-10-02 12:42:04'),
	(861, 'CO2 농도가 2285.1ppm으로 매우 높습니다.', 'CO2', 1, '2025-10-02 12:42:06'),
	(862, 'CO2 농도가 2278.9ppm으로 매우 높습니다.', 'CO2', 1, '2025-10-02 12:42:09'),
	(863, 'CO2 농도가 2278.9ppm으로 매우 높습니다.', 'CO2', 1, '2025-10-02 12:42:11'),
	(864, 'CO2 농도가 2260.2ppm으로 매우 높습니다.', 'CO2', 1, '2025-10-02 12:42:14'),
	(865, 'CO2 농도가 2254.0ppm으로 매우 높습니다.', 'CO2', 1, '2025-10-02 12:42:18'),
	(866, 'CO2 농도가 2198.8ppm으로 매우 높습니다.', 'CO2', 1, '2025-10-02 12:42:19'),
	(867, 'CO2 농도가 2278.9ppm으로 매우 높습니다.', 'CO2', 1, '2025-10-02 12:42:22'),
	(868, 'CO2 농도가 2085.9ppm으로 매우 높습니다.', 'CO2', 1, '2025-10-02 12:42:23'),
	(869, 'CO2 농도가 2260.2ppm으로 매우 높습니다.', 'CO2', 1, '2025-10-02 12:42:25'),
	(870, 'CO2 농도가 2297.7ppm으로 매우 높습니다.', 'CO2', 1, '2025-10-02 12:42:28'),
	(871, 'CO2 농도가 2097.6ppm으로 매우 높습니다.', 'CO2', 1, '2025-10-02 12:42:29'),
	(872, 'CO2 농도가 2186.7ppm으로 매우 높습니다.', 'CO2', 1, '2025-10-02 12:42:30'),
	(873, 'CO2 농도가 2174.6ppm으로 매우 높습니다.', 'CO2', 1, '2025-10-02 12:42:31'),
	(874, 'CO2 농도가 2342.1ppm으로 매우 높습니다.', 'CO2', 1, '2025-10-02 12:42:34'),
	(875, 'CO2 농도가 2355.0ppm으로 매우 높습니다.', 'CO2', 1, '2025-10-02 12:42:36'),
	(876, 'CO2 농도가 2062.8ppm으로 매우 높습니다.', 'CO2', 1, '2025-10-02 12:42:38'),
	(877, 'CO2 농도가 2342.1ppm으로 매우 높습니다.', 'CO2', 1, '2025-10-02 12:42:40'),
	(878, 'CO2 농도가 2355.0ppm으로 매우 높습니다.', 'CO2', 1, '2025-10-02 12:42:45'),
	(879, 'CO2 농도가 2180.6ppm으로 매우 높습니다.', 'CO2', 1, '2025-10-02 12:42:46'),
	(880, 'CO2 농도가 2103.4ppm으로 매우 높습니다.', 'CO2', 1, '2025-10-02 12:42:47'),
	(881, 'CO2 농도가 2266.4ppm으로 매우 높습니다.', 'CO2', 1, '2025-10-02 12:42:49'),
	(882, 'CO2 농도가 2310.3ppm으로 매우 높습니다.', 'CO2', 1, '2025-10-02 12:42:53'),
	(883, 'CO2 농도가 2115.1ppm으로 매우 높습니다.', 'CO2', 1, '2025-10-02 12:42:54'),
	(884, 'CO2 농도가 2310.3ppm으로 매우 높습니다.', 'CO2', 1, '2025-10-02 12:42:57'),
	(885, 'CO2 농도가 2150.7ppm으로 매우 높습니다.', 'CO2', 1, '2025-10-02 12:42:58'),
	(886, 'CO2 농도가 2162.6ppm으로 매우 높습니다.', 'CO2', 1, '2025-10-02 12:42:59'),
	(887, 'CO2 농도가 2329.4ppm으로 매우 높습니다.', 'CO2', 1, '2025-10-02 12:43:01'),
	(888, 'CO2 농도가 2355.0ppm으로 매우 높습니다.', 'CO2', 1, '2025-10-02 12:43:04'),
	(889, 'CO2 농도가 2342.1ppm으로 매우 높습니다.', 'CO2', 1, '2025-10-02 12:43:06'),
	(890, 'CO2 농도가 2310.3ppm으로 매우 높습니다.', 'CO2', 1, '2025-10-02 12:43:07'),
	(891, 'CO2 농도가 2204.9ppm으로 매우 높습니다.', 'CO2', 1, '2025-10-02 12:43:09'),
	(892, 'CO2 농도가 2329.4ppm으로 매우 높습니다.', 'CO2', 1, '2025-10-02 12:43:15'),
	(893, 'CO2 농도가 2266.4ppm으로 매우 높습니다.', 'CO2', 1, '2025-10-02 12:43:17'),
	(894, 'CO2 농도가 2229.3ppm으로 매우 높습니다.', 'CO2', 1, '2025-10-02 12:43:19'),
	(895, 'CO2 농도가 2247.8ppm으로 매우 높습니다.', 'CO2', 1, '2025-10-02 12:43:21'),
	(896, 'CO2 농도가 2241.6ppm으로 매우 높습니다.', 'CO2', 1, '2025-10-02 12:43:24'),
	(897, 'CO2 농도가 2266.4ppm으로 매우 높습니다.', 'CO2', 1, '2025-10-02 12:43:26'),
	(898, 'CO2 농도가 2266.4ppm으로 매우 높습니다.', 'CO2', 1, '2025-10-02 12:43:28'),
	(899, 'CO2 농도가 2138.8ppm으로 매우 높습니다.', 'CO2', 1, '2025-10-02 12:43:30'),
	(900, 'CO2 농도가 2186.7ppm으로 매우 높습니다.', 'CO2', 1, '2025-10-02 12:43:31'),
	(901, 'CO2 농도가 2316.7ppm으로 매우 높습니다.', 'CO2', 1, '2025-10-02 12:43:36'),
	(902, 'CO2 농도가 2068.6ppm으로 매우 높습니다.', 'CO2', 1, '2025-10-02 12:43:37'),
	(903, 'CO2 농도가 2180.6ppm으로 매우 높습니다.', 'CO2', 1, '2025-10-02 12:43:38'),
	(904, 'CO2 농도가 2348.6ppm으로 매우 높습니다.', 'CO2', 1, '2025-10-02 12:43:40'),
	(905, 'CO2 농도가 2374.3ppm으로 매우 높습니다.', 'CO2', 1, '2025-10-02 12:43:43'),
	(906, 'CO2 농도가 2380.8ppm으로 매우 높습니다.', 'CO2', 1, '2025-10-02 12:43:45'),
	(907, 'CO2 농도가 2380.8ppm으로 매우 높습니다.', 'CO2', 1, '2025-10-02 12:43:48'),
	(908, 'CO2 농도가 2374.3ppm으로 매우 높습니다.', 'CO2', 1, '2025-10-02 12:43:50'),
	(909, 'CO2 농도가 2348.6ppm으로 매우 높습니다.', 'CO2', 1, '2025-10-02 12:43:52'),
	(910, 'CO2 농도가 2323.0ppm으로 매우 높습니다.', 'CO2', 1, '2025-10-02 12:43:55'),
	(911, 'CO2 농도가 2310.3ppm으로 매우 높습니다.', 'CO2', 1, '2025-10-02 12:43:57'),
	(912, 'CO2 농도가 2156.6ppm으로 매우 높습니다.', 'CO2', 1, '2025-10-02 12:43:58'),
	(913, 'CO2 농도가 2297.7ppm으로 매우 높습니다.', 'CO2', 1, '2025-10-02 12:44:01'),
	(914, 'CO2 농도가 2323.0ppm으로 매우 높습니다.', 'CO2', 1, '2025-10-02 12:44:03'),
	(915, 'CO2 농도가 2266.4ppm으로 매우 높습니다.', 'CO2', 1, '2025-10-02 12:44:04'),
	(916, 'CO2 농도가 2051.3ppm으로 매우 높습니다.', 'CO2', 1, '2025-10-02 12:44:06'),
	(917, 'CO2 농도가 2103.4ppm으로 매우 높습니다.', 'CO2', 1, '2025-10-02 12:44:07'),
	(918, 'CO2 농도가 2310.3ppm으로 매우 높습니다.', 'CO2', 1, '2025-10-02 12:44:09'),
	(919, 'CO2 농도가 3240.9ppm으로 매우 높습니다.', 'CO2', 1, '2025-10-02 14:48:07'),
	(920, '암모니아 농도가 33.028ppm으로 높습니다.', 'NH3', 1, '2025-10-02 14:48:07'),
	(921, 'CO2 농도가 2156.6ppm으로 매우 높습니다.', 'CO2', 1, '2025-10-02 14:48:08'),
	(922, 'CO2 농도가 3283.2ppm으로 매우 높습니다.', 'CO2', 1, '2025-10-02 14:48:12'),
	(923, '암모니아 농도가 32.648ppm으로 높습니다.', 'NH3', 1, '2025-10-02 14:48:12'),
	(924, 'CO2 농도가 2278.9ppm으로 매우 높습니다.', 'CO2', 1, '2025-10-02 14:48:13'),
	(925, '암모니아 농도가 26.084ppm으로 높습니다.', 'NH3', 1, '2025-10-02 14:48:13'),
	(926, 'CO2 농도가 3483.9ppm으로 매우 높습니다.', 'CO2', 1, '2025-10-02 14:48:16'),
	(927, '암모니아 농도가 34.587ppm으로 높습니다.', 'NH3', 1, '2025-10-02 14:48:16'),
	(928, 'CO2 농도가 2540.8ppm으로 매우 높습니다.', 'CO2', 1, '2025-10-02 14:48:17'),
	(929, '암모니아 농도가 27.695ppm으로 높습니다.', 'NH3', 1, '2025-10-02 14:48:17'),
	(930, 'CO2 농도가 3574.5ppm으로 매우 높습니다.', 'CO2', 1, '2025-10-02 14:48:20'),
	(931, '암모니아 농도가 35.389ppm으로 높습니다.', 'NH3', 1, '2025-10-02 14:48:20'),
	(932, 'CO2 농도가 3714.0ppm으로 매우 높습니다.', 'CO2', 1, '2025-10-02 14:48:22'),
	(933, '암모니아 농도가 37.040ppm으로 높습니다.', 'NH3', 1, '2025-10-02 14:48:22'),
	(934, 'CO2 농도가 3704.6ppm으로 매우 높습니다.', 'CO2', 1, '2025-10-02 14:48:25'),
	(935, '암모니아 농도가 36.621ppm으로 높습니다.', 'NH3', 1, '2025-10-02 14:48:25'),
	(936, 'CO2 농도가 3733.0ppm으로 매우 높습니다.', 'CO2', 1, '2025-10-02 14:48:27'),
	(937, '암모니아 농도가 36.621ppm으로 높습니다.', 'NH3', 1, '2025-10-02 14:48:27'),
	(938, 'CO2 농도가 3704.6ppm으로 매우 높습니다.', 'CO2', 1, '2025-10-02 14:48:29'),
	(939, '암모니아 농도가 37.040ppm으로 높습니다.', 'NH3', 1, '2025-10-02 14:48:30'),
	(940, 'CO2 농도가 3685.7ppm으로 매우 높습니다.', 'CO2', 1, '2025-10-02 14:48:32'),
	(941, '암모니아 농도가 36.621ppm으로 높습니다.', 'NH3', 1, '2025-10-02 14:48:32'),
	(942, 'CO2 농도가 3141.2ppm으로 매우 높습니다.', 'CO2', 1, '2025-10-02 14:48:33'),
	(943, '암모니아 농도가 31.899ppm으로 높습니다.', 'NH3', 1, '2025-10-02 14:48:33'),
	(944, 'CO2 농도가 3695.1ppm으로 매우 높습니다.', 'CO2', 1, '2025-10-02 14:48:36'),
	(945, '암모니아 농도가 37.040ppm으로 높습니다.', 'NH3', 1, '2025-10-02 14:48:36'),
	(946, 'CO2 농도가 2805.2ppm으로 매우 높습니다.', 'CO2', 1, '2025-10-02 14:48:37'),
	(947, 'CO2 농도가 3556.2ppm으로 매우 높습니다.', 'CO2', 1, '2025-10-02 14:48:40'),
	(948, '암모니아 농도가 35.389ppm으로 높습니다.', 'NH3', 1, '2025-10-02 14:48:40'),
	(949, '암모니아 농도가 27.366ppm으로 높습니다.', 'NH3', 1, '2025-10-02 14:48:41'),
	(950, 'CO2 농도가 3967.0ppm으로 매우 높습니다.', 'CO2', 1, '2025-10-02 14:48:43'),
	(951, '암모니아 농도가 38.755ppm으로 높습니다.', 'NH3', 1, '2025-10-02 14:48:43'),
	(952, 'CO2 농도가 3761.6ppm으로 매우 높습니다.', 'CO2', 1, '2025-10-02 14:48:46'),
	(953, '암모니아 농도가 37.463ppm으로 높습니다.', 'NH3', 1, '2025-10-02 14:48:46'),
	(954, 'CO2 농도가 3714.0ppm으로 매우 높습니다.', 'CO2', 1, '2025-10-02 14:48:47'),
	(955, '암모니아 농도가 36.621ppm으로 높습니다.', 'NH3', 1, '2025-10-02 14:48:47'),
	(956, 'CO2 농도가 4088.7ppm으로 매우 높습니다.', 'CO2', 1, '2025-10-02 14:48:50'),
	(957, '암모니아 농도가 40.086ppm으로 높습니다.', 'NH3', 1, '2025-10-02 14:48:50'),
	(958, 'CO2 농도가 4058.0ppm으로 매우 높습니다.', 'CO2', 1, '2025-10-02 14:48:52'),
	(959, '암모니아 농도가 39.638ppm으로 높습니다.', 'NH3', 1, '2025-10-02 14:48:52'),
	(960, 'CO2 농도가 4068.2ppm으로 매우 높습니다.', 'CO2', 1, '2025-10-02 14:48:54'),
	(961, '암모니아 농도가 39.638ppm으로 높습니다.', 'NH3', 1, '2025-10-02 14:48:55'),
	(962, 'CO2 농도가 3565.3ppm으로 매우 높습니다.', 'CO2', 1, '2025-10-02 14:48:56'),
	(963, '암모니아 농도가 35.796ppm으로 높습니다.', 'NH3', 1, '2025-10-02 14:48:56'),
	(964, 'CO2 농도가 3790.3ppm으로 매우 높습니다.', 'CO2', 1, '2025-10-02 14:48:57'),
	(965, '암모니아 농도가 37.889ppm으로 높습니다.', 'NH3', 1, '2025-10-02 14:48:57'),
	(966, 'CO2 농도가 4078.5ppm으로 매우 높습니다.', 'CO2', 1, '2025-10-02 14:49:00'),
	(967, '암모니아 농도가 40.086ppm으로 높습니다.', 'NH3', 1, '2025-10-02 14:49:00'),
	(968, '암모니아 농도가 28.362ppm으로 높습니다.', 'NH3', 1, '2025-10-02 14:49:02'),
	(969, 'CO2 농도가 3858.2ppm으로 매우 높습니다.', 'CO2', 1, '2025-10-02 14:49:03'),
	(970, '암모니아 농도가 37.463ppm으로 높습니다.', 'NH3', 1, '2025-10-02 14:49:03'),
	(971, 'CO2 농도가 4119.7ppm으로 매우 높습니다.', 'CO2', 1, '2025-10-02 14:49:07'),
	(972, '암모니아 농도가 40.538ppm으로 높습니다.', 'NH3', 1, '2025-10-02 14:49:07'),
	(973, 'CO2 농도가 2272.6ppm으로 매우 높습니다.', 'CO2', 1, '2025-10-02 14:49:08'),
	(974, '암모니아 농도가 30.801ppm으로 높습니다.', 'NH3', 1, '2025-10-02 14:49:08'),
	(975, 'CO2 농도가 4224.2ppm으로 매우 높습니다.', 'CO2', 1, '2025-10-02 14:49:11'),
	(976, '암모니아 농도가 40.994ppm으로 높습니다.', 'NH3', 1, '2025-10-02 14:49:11'),
	(977, 'CO2 농도가 3648.3ppm으로 매우 높습니다.', 'CO2', 1, '2025-10-02 14:49:12'),
	(978, '암모니아 농도가 36.206ppm으로 높습니다.', 'NH3', 1, '2025-10-02 14:49:12'),
	(979, 'CO2 농도가 4192.6ppm으로 매우 높습니다.', 'CO2', 1, '2025-10-02 14:49:15'),
	(980, '암모니아 농도가 40.994ppm으로 높습니다.', 'NH3', 1, '2025-10-02 14:49:15'),
	(981, 'CO2 농도가 4266.7ppm으로 매우 높습니다.', 'CO2', 1, '2025-10-02 14:49:17'),
	(982, '암모니아 농도가 41.455ppm으로 높습니다.', 'NH3', 1, '2025-10-02 14:49:17'),
	(983, 'CO2 농도가 3547.1ppm으로 매우 높습니다.', 'CO2', 1, '2025-10-02 14:49:18'),
	(984, '암모니아 농도가 36.621ppm으로 높습니다.', 'NH3', 1, '2025-10-02 14:49:18'),
	(985, 'CO2 농도가 4266.7ppm으로 매우 높습니다.', 'CO2', 1, '2025-10-02 14:49:21'),
	(986, '암모니아 농도가 41.455ppm으로 높습니다.', 'NH3', 1, '2025-10-02 14:49:21'),
	(987, 'CO2 농도가 4309.5ppm으로 매우 높습니다.', 'CO2', 1, '2025-10-02 14:49:23'),
	(988, '암모니아 농도가 41.920ppm으로 높습니다.', 'NH3', 1, '2025-10-02 14:49:23'),
	(989, 'CO2 농도가 4341.9ppm으로 매우 높습니다.', 'CO2', 1, '2025-10-02 14:49:26'),
	(990, '암모니아 농도가 42.389ppm으로 높습니다.', 'NH3', 1, '2025-10-02 14:49:26'),
	(991, 'CO2 농도가 4309.5ppm으로 매우 높습니다.', 'CO2', 1, '2025-10-02 14:49:28'),
	(992, '암모니아 농도가 42.389ppm으로 높습니다.', 'NH3', 1, '2025-10-02 14:49:28'),
	(993, 'CO2 농도가 3809.6ppm으로 매우 높습니다.', 'CO2', 1, '2025-10-02 14:49:30'),
	(994, '암모니아 농도가 37.889ppm으로 높습니다.', 'NH3', 1, '2025-10-02 14:49:30'),
	(995, 'CO2 농도가 4224.2ppm으로 매우 높습니다.', 'CO2', 1, '2025-10-02 14:49:32'),
	(996, '암모니아 농도가 41.455ppm으로 높습니다.', 'NH3', 1, '2025-10-02 14:49:32'),
	(997, 'CO2 농도가 4266.7ppm으로 매우 높습니다.', 'CO2', 1, '2025-10-02 14:49:36'),
	(998, '암모니아 농도가 41.455ppm으로 높습니다.', 'NH3', 1, '2025-10-02 14:49:36'),
	(999, 'CO2 농도가 4109.3ppm으로 매우 높습니다.', 'CO2', 1, '2025-10-02 14:49:37'),
	(1000, '암모니아 농도가 40.086ppm으로 높습니다.', 'NH3', 1, '2025-10-02 14:49:37'),
	(1001, 'CO2 농도가 3369.2ppm으로 매우 높습니다.', 'CO2', 1, '2025-10-02 14:49:38'),
	(1002, '암모니아 농도가 34.986ppm으로 높습니다.', 'NH3', 1, '2025-10-02 14:49:39'),
	(1003, 'CO2 농도가 4119.7ppm으로 매우 높습니다.', 'CO2', 1, '2025-10-02 14:49:41'),
	(1004, '암모니아 농도가 40.994ppm으로 높습니다.', 'NH3', 1, '2025-10-02 14:49:41'),
	(1005, 'CO2 농도가 4418.2ppm으로 매우 높습니다.', 'CO2', 1, '2025-10-02 14:49:43'),
	(1006, '암모니아 농도가 42.863ppm으로 높습니다.', 'NH3', 1, '2025-10-02 14:49:43'),
	(1007, 'CO2 농도가 4224.2ppm으로 매우 높습니다.', 'CO2', 1, '2025-10-02 14:49:45'),
	(1008, '암모니아 농도가 41.455ppm으로 높습니다.', 'NH3', 1, '2025-10-02 14:49:45'),
	(1009, 'CO2 농도가 4440.3ppm으로 매우 높습니다.', 'CO2', 1, '2025-10-02 14:49:47'),
	(1010, '암모니아 농도가 42.863ppm으로 높습니다.', 'NH3', 1, '2025-10-02 14:49:47'),
	(1011, 'CO2 농도가 4451.3ppm으로 매우 높습니다.', 'CO2', 1, '2025-10-02 14:49:50'),
	(1012, '암모니아 농도가 43.342ppm으로 높습니다.', 'NH3', 1, '2025-10-02 14:49:50'),
	(1013, 'CO2 농도가 3629.7ppm으로 매우 높습니다.', 'CO2', 1, '2025-10-02 14:49:51'),
	(1014, '암모니아 농도가 36.621ppm으로 높습니다.', 'NH3', 1, '2025-10-02 14:49:51'),
	(1015, 'CO2 농도가 4058.0ppm으로 매우 높습니다.', 'CO2', 1, '2025-10-02 14:49:54'),
	(1016, '암모니아 농도가 40.086ppm으로 높습니다.', 'NH3', 1, '2025-10-02 14:49:54'),
	(1017, 'CO2 농도가 3274.7ppm으로 매우 높습니다.', 'CO2', 1, '2025-10-02 14:49:56'),
	(1018, '암모니아 농도가 35.389ppm으로 높습니다.', 'NH3', 1, '2025-10-02 14:49:56'),
	(1019, 'CO2 농도가 4506.9ppm으로 매우 높습니다.', 'CO2', 1, '2025-10-02 14:49:59'),
	(1020, '암모니아 농도가 43.825ppm으로 높습니다.', 'NH3', 1, '2025-10-02 14:49:59'),
	(1021, 'CO2 농도가 4037.7ppm으로 매우 높습니다.', 'CO2', 1, '2025-10-02 14:50:00'),
	(1022, '암모니아 농도가 39.638ppm으로 높습니다.', 'NH3', 1, '2025-10-02 14:50:00'),
	(1023, 'CO2 농도가 4288.1ppm으로 매우 높습니다.', 'CO2', 1, '2025-10-02 14:50:03'),
	(1024, '암모니아 농도가 41.455ppm으로 높습니다.', 'NH3', 1, '2025-10-02 14:50:04'),
	(1025, 'CO2 농도가 3501.9ppm으로 매우 높습니다.', 'CO2', 1, '2025-10-02 14:50:08'),
	(1026, '암모니아 농도가 37.463ppm으로 높습니다.', 'NH3', 1, '2025-10-02 14:50:08'),
	(1027, 'CO2 농도가 4374.5ppm으로 매우 높습니다.', 'CO2', 1, '2025-10-02 14:50:14'),
	(1028, '암모니아 농도가 42.863ppm으로 높습니다.', 'NH3', 1, '2025-10-02 14:50:14'),
	(1029, 'CO2 농도가 4150.8ppm으로 매우 높습니다.', 'CO2', 1, '2025-10-02 14:50:17'),
	(1030, '암모니아 농도가 40.994ppm으로 높습니다.', 'NH3', 1, '2025-10-02 14:50:17'),
	(1031, 'CO2 농도가 3987.1ppm으로 매우 높습니다.', 'CO2', 1, '2025-10-02 14:50:18'),
	(1032, '암모니아 농도가 40.086ppm으로 높습니다.', 'NH3', 1, '2025-10-02 14:50:18'),
	(1033, 'CO2 농도가 3927.2ppm으로 매우 높습니다.', 'CO2', 1, '2025-10-02 14:50:26'),
	(1034, '암모니아 농도가 40.086ppm으로 높습니다.', 'NH3', 1, '2025-10-02 14:50:26'),
	(1035, 'CO2 농도가 3977.1ppm으로 매우 높습니다.', 'CO2', 1, '2025-10-02 14:50:32'),
	(1036, '암모니아 농도가 40.994ppm으로 높습니다.', 'NH3', 1, '2025-10-02 14:50:32'),
	(1037, 'CO2 농도가 3819.3ppm으로 매우 높습니다.', 'CO2', 1, '2025-10-02 14:50:37'),
	(1038, '암모니아 농도가 38.755ppm으로 높습니다.', 'NH3', 1, '2025-10-02 14:50:37'),
	(1039, 'CO2 농도가 4642.9ppm으로 매우 높습니다.', 'CO2', 1, '2025-10-02 14:50:41'),
	(1040, '암모니아 농도가 44.805ppm으로 높습니다.', 'NH3', 1, '2025-10-02 14:50:42'),
	(1041, 'CO2 농도가 4518.1ppm으로 매우 높습니다.', 'CO2', 1, '2025-10-02 14:50:45'),
	(1042, '암모니아 농도가 43.342ppm으로 높습니다.', 'NH3', 1, '2025-10-02 14:50:45'),
	(1043, 'CO2 농도가 4484.6ppm으로 매우 높습니다.', 'CO2', 1, '2025-10-02 14:50:46'),
	(1044, '암모니아 농도가 42.863ppm으로 높습니다.', 'NH3', 1, '2025-10-02 14:50:46'),
	(1045, 'CO2 농도가 4563.1ppm으로 매우 높습니다.', 'CO2', 1, '2025-10-02 14:50:48'),
	(1046, '암모니아 농도가 44.313ppm으로 높습니다.', 'NH3', 1, '2025-10-02 14:50:48'),
	(1047, '암모니아 농도가 33.800ppm으로 높습니다.', 'NH3', 1, '2025-10-02 14:50:49'),
	(1048, 'CO2 농도가 4563.1ppm으로 매우 높습니다.', 'CO2', 1, '2025-10-02 14:51:02'),
	(1049, '암모니아 농도가 43.825ppm으로 높습니다.', 'NH3', 1, '2025-10-02 14:51:02'),
	(1050, 'CO2 농도가 3676.4ppm으로 매우 높습니다.', 'CO2', 1, '2025-10-02 14:51:04'),
	(1051, '암모니아 농도가 37.889ppm으로 높습니다.', 'NH3', 1, '2025-10-02 14:51:04'),
	(1052, 'CO2 농도가 4665.9ppm으로 매우 높습니다.', 'CO2', 1, '2025-10-02 14:51:08'),
	(1053, '암모니아 농도가 45.302ppm으로 높습니다.', 'NH3', 1, '2025-10-02 14:51:08'),
	(1054, 'CO2 농도가 4608.5ppm으로 매우 높습니다.', 'CO2', 1, '2025-10-02 14:51:09'),
	(1055, '암모니아 농도가 44.805ppm으로 높습니다.', 'NH3', 1, '2025-10-02 14:51:09'),
	(1056, 'CO2 농도가 4747.1ppm으로 매우 높습니다.', 'CO2', 1, '2025-10-02 14:51:15'),
	(1057, '암모니아 농도가 45.302ppm으로 높습니다.', 'NH3', 1, '2025-10-02 14:51:15'),
	(1058, 'CO2 농도가 4363.6ppm으로 매우 높습니다.', 'CO2', 1, '2025-10-02 14:51:26'),
	(1059, '암모니아 농도가 42.863ppm으로 높습니다.', 'NH3', 1, '2025-10-02 14:51:26'),
	(1060, 'CO2 농도가 2624.1ppm으로 매우 높습니다.', 'CO2', 1, '2025-10-02 14:51:28'),
	(1061, '암모니아 농도가 35.389ppm으로 높습니다.', 'NH3', 1, '2025-10-02 14:51:28'),
	(1062, 'CO2 농도가 4654.3ppm으로 매우 높습니다.', 'CO2', 1, '2025-10-02 14:51:32'),
	(1063, '암모니아 농도가 44.805ppm으로 높습니다.', 'NH3', 1, '2025-10-02 14:51:32'),
	(1064, 'CO2 농도가 4665.9ppm으로 매우 높습니다.', 'CO2', 1, '2025-10-02 14:51:39'),
	(1065, '암모니아 농도가 44.805ppm으로 높습니다.', 'NH3', 1, '2025-10-02 14:51:39'),
	(1066, 'CO2 농도가 4256.0ppm으로 매우 높습니다.', 'CO2', 1, '2025-10-02 14:51:43'),
	(1067, 'CO2 농도가 4529.3ppm으로 매우 높습니다.', 'CO2', 1, '2025-10-02 14:51:45'),
	(1068, '암모니아 농도가 44.313ppm으로 높습니다.', 'NH3', 1, '2025-10-02 14:51:45'),
	(1069, 'CO2 농도가 4130.0ppm으로 매우 높습니다.', 'CO2', 1, '2025-10-02 14:51:46'),
	(1070, '암모니아 농도가 40.994ppm으로 높습니다.', 'NH3', 1, '2025-10-02 14:51:46'),
	(1071, 'CO2 농도가 3695.1ppm으로 매우 높습니다.', 'CO2', 1, '2025-10-02 14:51:47'),
	(1072, '암모니아 농도가 37.889ppm으로 높습니다.', 'NH3', 1, '2025-10-02 14:51:47'),
	(1073, '암모니아 농도가 30.442ppm으로 높습니다.', 'NH3', 1, '2025-10-02 14:51:49'),
	(1074, 'CO2 농도가 3819.3ppm으로 매우 높습니다.', 'CO2', 1, '2025-10-02 14:51:50'),
	(1075, '암모니아 농도가 38.755ppm으로 높습니다.', 'NH3', 1, '2025-10-02 14:51:50'),
	(1076, 'CO2 농도가 4642.9ppm으로 매우 높습니다.', 'CO2', 1, '2025-10-02 14:51:58'),
	(1077, '암모니아 농도가 45.302ppm으로 높습니다.', 'NH3', 1, '2025-10-02 14:51:58'),
	(1078, 'CO2 농도가 4574.4ppm으로 매우 높습니다.', 'CO2', 1, '2025-10-02 14:51:59'),
	(1079, '암모니아 농도가 44.313ppm으로 높습니다.', 'NH3', 1, '2025-10-02 14:51:59'),
	(1080, 'CO2 농도가 4677.4ppm으로 매우 높습니다.', 'CO2', 1, '2025-10-02 14:52:01'),
	(1081, '암모니아 농도가 44.805ppm으로 높습니다.', 'NH3', 1, '2025-10-02 14:52:01'),
	(1082, 'CO2 농도가 2109.3ppm으로 매우 높습니다.', 'CO2', 1, '2025-10-02 14:52:03'),
	(1083, 'CO2 농도가 4506.9ppm으로 매우 높습니다.', 'CO2', 1, '2025-10-02 14:52:07'),
	(1084, '암모니아 농도가 43.342ppm으로 높습니다.', 'NH3', 1, '2025-10-02 14:52:07'),
	(1085, 'CO2 농도가 3714.0ppm으로 매우 높습니다.', 'CO2', 1, '2025-10-02 14:52:09'),
	(1086, '암모니아 농도가 38.320ppm으로 높습니다.', 'NH3', 1, '2025-10-02 14:52:09'),
	(1087, 'CO2 농도가 4529.3ppm으로 매우 높습니다.', 'CO2', 1, '2025-10-02 14:52:13'),
	(1088, '암모니아 농도가 43.825ppm으로 높습니다.', 'NH3', 1, '2025-10-02 14:52:13'),
	(1089, 'CO2 농도가 4529.3ppm으로 매우 높습니다.', 'CO2', 1, '2025-10-02 14:52:15'),
	(1090, '암모니아 농도가 44.313ppm으로 높습니다.', 'NH3', 1, '2025-10-02 14:52:15'),
	(1091, 'CO2 농도가 4585.8ppm으로 매우 높습니다.', 'CO2', 1, '2025-10-02 14:52:19'),
	(1092, '암모니아 농도가 44.313ppm으로 높습니다.', 'NH3', 1, '2025-10-02 14:52:19'),
	(1093, 'CO2 농도가 4597.1ppm으로 매우 높습니다.', 'CO2', 1, '2025-10-02 14:52:21'),
	(1094, '암모니아 농도가 44.313ppm으로 높습니다.', 'NH3', 1, '2025-10-02 14:52:21'),
	(1095, 'CO2 농도가 3829.0ppm으로 매우 높습니다.', 'CO2', 1, '2025-10-02 14:52:24'),
	(1096, '암모니아 농도가 39.195ppm으로 높습니다.', 'NH3', 1, '2025-10-02 14:52:24'),
	(1097, 'CO2 농도가 4518.1ppm으로 매우 높습니다.', 'CO2', 1, '2025-10-02 14:52:26'),
	(1098, '암모니아 농도가 43.825ppm으로 높습니다.', 'NH3', 1, '2025-10-02 14:52:26'),
	(1099, 'CO2 농도가 3667.0ppm으로 매우 높습니다.', 'CO2', 1, '2025-10-02 14:52:27'),
	(1100, '암모니아 농도가 37.463ppm으로 높습니다.', 'NH3', 1, '2025-10-02 14:52:28'),
	(1101, 'CO2 농도가 3714.0ppm으로 매우 높습니다.', 'CO2', 1, '2025-10-02 14:52:29'),
	(1102, '암모니아 농도가 37.889ppm으로 높습니다.', 'NH3', 1, '2025-10-02 14:52:29'),
	(1103, 'CO2 농도가 4374.5ppm으로 매우 높습니다.', 'CO2', 1, '2025-10-02 14:52:31'),
	(1104, '암모니아 농도가 42.863ppm으로 높습니다.', 'NH3', 1, '2025-10-02 14:52:32'),
	(1105, 'CO2 농도가 4418.2ppm으로 매우 높습니다.', 'CO2', 1, '2025-10-02 14:52:42'),
	(1106, '암모니아 농도가 42.863ppm으로 높습니다.', 'NH3', 1, '2025-10-02 14:52:42'),
	(1107, 'CO2 농도가 4017.4ppm으로 매우 높습니다.', 'CO2', 1, '2025-10-02 14:52:44'),
	(1108, '암모니아 농도가 40.994ppm으로 높습니다.', 'NH3', 1, '2025-10-02 14:52:44'),
	(1109, 'CO2 농도가 3648.3ppm으로 매우 높습니다.', 'CO2', 1, '2025-10-02 14:52:49'),
	(1110, 'CO2 농도가 4462.4ppm으로 매우 높습니다.', 'CO2', 1, '2025-10-02 14:52:50'),
	(1111, '암모니아 농도가 43.342ppm으로 높습니다.', 'NH3', 1, '2025-10-02 14:52:50'),
	(1112, 'CO2 농도가 3334.6ppm으로 매우 높습니다.', 'CO2', 1, '2025-10-02 14:52:53'),
	(1113, '암모니아 농도가 35.389ppm으로 높습니다.', 'NH3', 1, '2025-10-02 14:52:53'),
	(1114, 'CO2 농도가 4585.8ppm으로 매우 높습니다.', 'CO2', 1, '2025-10-02 14:52:56'),
	(1115, '암모니아 농도가 44.313ppm으로 높습니다.', 'NH3', 1, '2025-10-02 14:52:56'),
	(1116, 'CO2 농도가 4462.4ppm으로 매우 높습니다.', 'CO2', 1, '2025-10-02 14:52:58'),
	(1117, '암모니아 농도가 44.313ppm으로 높습니다.', 'NH3', 1, '2025-10-02 14:52:58'),
	(1118, 'CO2 농도가 4396.3ppm으로 매우 높습니다.', 'CO2', 1, '2025-10-02 14:52:59'),
	(1119, '암모니아 농도가 42.863ppm으로 높습니다.', 'NH3', 1, '2025-10-02 14:52:59'),
	(1120, 'CO2 농도가 4099.0ppm으로 매우 높습니다.', 'CO2', 1, '2025-10-02 14:53:05'),
	(1121, '암모니아 농도가 40.538ppm으로 높습니다.', 'NH3', 1, '2025-10-02 14:53:05'),
	(1122, 'CO2 농도가 4385.4ppm으로 매우 높습니다.', 'CO2', 1, '2025-10-02 14:53:08'),
	(1123, '암모니아 농도가 43.342ppm으로 높습니다.', 'NH3', 1, '2025-10-02 14:53:08'),
	(1124, 'CO2 농도가 4396.3ppm으로 매우 높습니다.', 'CO2', 1, '2025-10-02 14:53:10'),
	(1125, '암모니아 농도가 43.342ppm으로 높습니다.', 'NH3', 1, '2025-10-02 14:53:10'),
	(1126, '암모니아 농도가 33.412ppm으로 높습니다.', 'NH3', 1, '2025-10-02 14:53:11'),
	(1127, 'CO2 농도가 4440.3ppm으로 매우 높습니다.', 'CO2', 1, '2025-10-02 14:53:12'),
	(1128, '암모니아 농도가 42.863ppm으로 높습니다.', 'NH3', 1, '2025-10-02 14:53:12'),
	(1129, 'CO2 농도가 3413.0ppm으로 매우 높습니다.', 'CO2', 1, '2025-10-02 14:53:14'),
	(1130, '암모니아 농도가 35.389ppm으로 높습니다.', 'NH3', 1, '2025-10-02 14:53:14'),
	(1131, 'CO2 농도가 4298.8ppm으로 매우 높습니다.', 'CO2', 1, '2025-10-02 14:53:16'),
	(1132, 'CO2 농도가 3266.2ppm으로 매우 높습니다.', 'CO2', 1, '2025-10-02 14:53:23'),
	(1133, 'CO2 농도가 4234.8ppm으로 매우 높습니다.', 'CO2', 1, '2025-10-02 14:53:24'),
	(1134, '암모니아 농도가 41.920ppm으로 높습니다.', 'NH3', 1, '2025-10-02 14:53:24'),
	(1135, 'CO2 농도가 2400.3ppm으로 매우 높습니다.', 'CO2', 1, '2025-10-02 14:53:26'),
	(1136, '암모니아 농도가 33.800ppm으로 높습니다.', 'NH3', 1, '2025-10-02 14:53:26'),
	(1137, 'CO2 농도가 4374.5ppm으로 매우 높습니다.', 'CO2', 1, '2025-10-02 14:53:29'),
	(1138, '암모니아 농도가 42.863ppm으로 높습니다.', 'NH3', 1, '2025-10-02 14:53:29'),
	(1139, 'CO2 농도가 3676.4ppm으로 매우 높습니다.', 'CO2', 1, '2025-10-02 14:53:30'),
	(1140, '암모니아 농도가 37.463ppm으로 높습니다.', 'NH3', 1, '2025-10-02 14:53:31'),
	(1141, 'CO2 농도가 4518.1ppm으로 매우 높습니다.', 'CO2', 1, '2025-10-02 14:53:37'),
	(1142, '암모니아 농도가 43.825ppm으로 높습니다.', 'NH3', 1, '2025-10-02 14:53:38'),
	(1143, 'CO2 농도가 4473.5ppm으로 매우 높습니다.', 'CO2', 1, '2025-10-02 14:53:39'),
	(1144, '암모니아 농도가 42.863ppm으로 높습니다.', 'NH3', 1, '2025-10-02 14:53:39'),
	(1145, 'CO2 농도가 4495.8ppm으로 매우 높습니다.', 'CO2', 1, '2025-10-02 14:53:41'),
	(1146, '암모니아 농도가 44.313ppm으로 높습니다.', 'NH3', 1, '2025-10-02 14:53:42'),
	(1147, 'CO2 농도가 4518.1ppm으로 매우 높습니다.', 'CO2', 1, '2025-10-02 14:53:44'),
	(1148, '암모니아 농도가 43.825ppm으로 높습니다.', 'NH3', 1, '2025-10-02 14:53:44'),
	(1149, 'CO2 농도가 4608.5ppm으로 매우 높습니다.', 'CO2', 1, '2025-10-02 14:53:45'),
	(1150, '암모니아 농도가 45.302ppm으로 높습니다.', 'NH3', 1, '2025-10-02 14:53:45'),
	(1151, 'CO2 농도가 2297.7ppm으로 매우 높습니다.', 'CO2', 1, '2025-10-02 14:53:51'),
	(1152, 'CO2 농도가 5000.0ppm으로 매우 높습니다.', 'CO2', 1, '2025-10-02 14:53:52'),
	(1153, '암모니아 농도가 55.097ppm으로 높습니다.', 'NH3', 1, '2025-10-02 14:53:52'),
	(1154, 'CO2 농도가 5000.0ppm으로 매우 높습니다.', 'CO2', 1, '2025-10-02 14:53:54'),
	(1155, '암모니아 농도가 56.897ppm으로 높습니다.', 'NH3', 1, '2025-10-02 14:53:54'),
	(1156, 'CO2 농도가 5000.0ppm으로 매우 높습니다.', 'CO2', 1, '2025-10-02 14:53:55'),
	(1157, '암모니아 농도가 51.646ppm으로 높습니다.', 'NH3', 1, '2025-10-02 14:53:55'),
	(1158, 'CO2 농도가 5000.0ppm으로 매우 높습니다.', 'CO2', 1, '2025-10-02 15:02:40'),
	(1159, '암모니아 농도가 51.646ppm으로 높습니다.', 'NH3', 1, '2025-10-02 15:02:41'),
	(1160, 'CO2 농도가 5000.0ppm으로 매우 높습니다.', 'CO2', 1, '2025-10-02 15:02:51'),
	(1161, '암모니아 농도가 50.539ppm으로 높습니다.', 'NH3', 1, '2025-10-02 15:02:51'),
	(1162, 'CO2 농도가 5000.0ppm으로 매우 높습니다.', 'CO2', 1, '2025-10-02 15:02:57'),
	(1163, '암모니아 농도가 54.508ppm으로 높습니다.', 'NH3', 1, '2025-10-02 15:02:57'),
	(1164, 'CO2 농도가 4770.6ppm으로 매우 높습니다.', 'CO2', 1, '2025-10-02 15:03:06'),
	(1165, '암모니아 농도가 48.384ppm으로 높습니다.', 'NH3', 1, '2025-10-02 15:03:07'),
	(1166, 'CO2 농도가 5000.0ppm으로 매우 높습니다.', 'CO2', 1, '2025-10-02 15:03:08'),
	(1167, '암모니아 농도가 53.925ppm으로 높습니다.', 'NH3', 1, '2025-10-02 15:03:08'),
	(1168, 'CO2 농도가 5000.0ppm으로 매우 높습니다.', 'CO2', 1, '2025-10-02 15:03:15'),
	(1169, '암모니아 농도가 34.192ppm으로 높습니다.', 'NH3', 1, '2025-10-02 15:03:15'),
	(1170, 'CO2 농도가 2575.3ppm으로 매우 높습니다.', 'CO2', 1, '2025-10-02 15:03:18'),
	(1171, 'CO2 농도가 5000.0ppm으로 매우 높습니다.', 'CO2', 1, '2025-10-02 15:03:21'),
	(1172, '암모니아 농도가 51.646ppm으로 높습니다.', 'NH3', 1, '2025-10-02 15:03:21'),
	(1173, 'CO2 농도가 5000.0ppm으로 매우 높습니다.', 'CO2', 1, '2025-10-02 15:03:23'),
	(1174, '암모니아 농도가 53.347ppm으로 높습니다.', 'NH3', 1, '2025-10-02 15:03:23'),
	(1175, 'CO2 농도가 2466.4ppm으로 매우 높습니다.', 'CO2', 1, '2025-10-02 15:03:26'),
	(1176, 'CO2 농도가 2034.2ppm으로 매우 높습니다.', 'CO2', 1, '2025-10-02 15:03:29'),
	(1177, 'CO2 농도가 3141.2ppm으로 매우 높습니다.', 'CO2', 1, '2025-10-02 15:03:32'),
	(1178, 'CO2 농도가 2433.2ppm으로 매우 높습니다.', 'CO2', 1, '2025-10-02 15:03:33'),
	(1179, 'CO2 농도가 5000.0ppm으로 매우 높습니다.', 'CO2', 1, '2025-10-02 15:03:35'),
	(1180, '암모니아 농도가 61.297ppm으로 높습니다.', 'NH3', 1, '2025-10-02 15:03:35'),
	(1181, 'CO2 농도가 5000.0ppm으로 매우 높습니다.', 'CO2', 1, '2025-10-02 15:03:36'),
	(1182, '암모니아 농도가 59.376ppm으로 높습니다.', 'NH3', 1, '2025-10-02 15:03:37'),
	(1183, 'CO2 농도가 2297.7ppm으로 매우 높습니다.', 'CO2', 1, '2025-10-02 15:03:39'),
	(1184, 'CO2 농도가 2005.9ppm으로 매우 높습니다.', 'CO2', 1, '2025-10-02 15:03:41'),
	(1185, 'CO2 농도가 5000.0ppm으로 매우 높습니다.', 'CO2', 1, '2025-10-02 15:03:43'),
	(1186, '암모니아 농도가 62.608ppm으로 높습니다.', 'NH3', 1, '2025-10-02 15:03:43'),
	(1187, 'CO2 농도가 5000.0ppm으로 매우 높습니다.', 'CO2', 1, '2025-10-02 15:03:44'),
	(1188, '암모니아 농도가 61.949ppm으로 높습니다.', 'NH3', 1, '2025-10-02 15:03:44'),
	(1189, 'CO2 농도가 5000.0ppm으로 매우 높습니다.', 'CO2', 1, '2025-10-02 15:03:46'),
	(1190, '암모니아 농도가 63.943ppm으로 높습니다.', 'NH3', 1, '2025-10-02 15:03:47'),
	(1191, 'CO2 농도가 5000.0ppm으로 매우 높습니다.', 'CO2', 1, '2025-10-02 15:03:48'),
	(1192, '암모니아 농도가 62.608ppm으로 높습니다.', 'NH3', 1, '2025-10-02 15:03:48'),
	(1193, 'CO2 농도가 2039.9ppm으로 매우 높습니다.', 'CO2', 1, '2025-10-02 15:03:49'),
	(1194, 'CO2 농도가 5000.0ppm으로 매우 높습니다.', 'CO2', 1, '2025-10-02 15:03:50'),
	(1195, '암모니아 농도가 58.125ppm으로 높습니다.', 'NH3', 1, '2025-10-02 15:03:51'),
	(1196, 'CO2 농도가 2210.9ppm으로 매우 높습니다.', 'CO2', 1, '2025-10-02 15:03:52'),
	(1197, 'CO2 농도가 5000.0ppm으로 매우 높습니다.', 'CO2', 1, '2025-10-02 15:03:53'),
	(1198, '암모니아 농도가 55.097ppm으로 높습니다.', 'NH3', 1, '2025-10-02 15:03:53'),
	(1199, 'CO2 농도가 2126.9ppm으로 매우 높습니다.', 'CO2', 1, '2025-10-02 15:03:54'),
	(1200, 'CO2 농도가 5000.0ppm으로 매우 높습니다.', 'CO2', 1, '2025-10-02 15:03:56'),
	(1201, '암모니아 농도가 63.273ppm으로 높습니다.', 'NH3', 1, '2025-10-02 15:03:56'),
	(1202, 'CO2 농도가 2413.4ppm으로 매우 높습니다.', 'CO2', 1, '2025-10-02 15:03:57'),
	(1203, 'CO2 농도가 5000.0ppm으로 매우 높습니다.', 'CO2', 1, '2025-10-02 15:03:58'),
	(1204, '암모니아 농도가 62.608ppm으로 높습니다.', 'NH3', 1, '2025-10-02 15:03:58'),
	(1205, 'CO2 농도가 5000.0ppm으로 매우 높습니다.', 'CO2', 1, '2025-10-02 15:03:59'),
	(1206, '암모니아 농도가 64.621ppm으로 높습니다.', 'NH3', 1, '2025-10-02 15:04:00'),
	(1207, 'CO2 농도가 2017.2ppm으로 매우 높습니다.', 'CO2', 1, '2025-10-02 15:04:01'),
	(1208, 'CO2 농도가 2355.0ppm으로 매우 높습니다.', 'CO2', 1, '2025-10-02 15:04:02'),
	(1209, 'CO2 농도가 2174.6ppm으로 매우 높습니다.', 'CO2', 1, '2025-10-02 15:04:07'),
	(1210, 'CO2 농도가 2367.9ppm으로 매우 높습니다.', 'CO2', 1, '2025-10-02 15:04:08'),
	(1211, 'CO2 농도가 3538.0ppm으로 매우 높습니다.', 'CO2', 1, '2025-10-02 15:04:09'),
	(1212, '암모니아 농도가 54.508ppm으로 높습니다.', 'NH3', 1, '2025-10-02 15:04:09'),
	(1213, 'CO2 농도가 2045.6ppm으로 매우 높습니다.', 'CO2', 1, '2025-10-02 15:04:11'),
	(1214, 'CO2 농도가 5000.0ppm으로 매우 높습니다.', 'CO2', 1, '2025-10-02 15:04:12'),
	(1215, '암모니아 농도가 63.943ppm으로 높습니다.', 'NH3', 1, '2025-10-02 15:04:12'),
	(1216, 'CO2 농도가 5000.0ppm으로 매우 높습니다.', 'CO2', 1, '2025-10-02 15:04:13'),
	(1217, '암모니아 농도가 55.691ppm으로 높습니다.', 'NH3', 1, '2025-10-02 15:04:13'),
	(1218, 'CO2 농도가 5000.0ppm으로 매우 높습니다.', 'CO2', 1, '2025-10-02 15:04:14'),
	(1219, '암모니아 농도가 62.608ppm으로 높습니다.', 'NH3', 1, '2025-10-02 15:04:15'),
	(1220, 'CO2 농도가 5000.0ppm으로 매우 높습니다.', 'CO2', 1, '2025-10-02 15:04:16'),
	(1221, '암모니아 농도가 62.608ppm으로 높습니다.', 'NH3', 1, '2025-10-02 15:04:16'),
	(1222, 'CO2 농도가 2028.5ppm으로 매우 높습니다.', 'CO2', 1, '2025-10-02 15:04:18'),
	(1223, 'CO2 농도가 5000.0ppm으로 매우 높습니다.', 'CO2', 1, '2025-10-02 15:04:20'),
	(1224, '암모니아 농도가 58.747ppm으로 높습니다.', 'NH3', 1, '2025-10-02 15:04:20'),
	(1225, 'CO2 농도가 2034.2ppm으로 매우 높습니다.', 'CO2', 1, '2025-10-02 15:04:21'),
	(1226, 'CO2 농도가 5000.0ppm으로 매우 높습니다.', 'CO2', 1, '2025-10-02 15:04:23'),
	(1227, '암모니아 농도가 56.291ppm으로 높습니다.', 'NH3', 1, '2025-10-02 15:04:24'),
	(1228, 'CO2 농도가 2304.0ppm으로 매우 높습니다.', 'CO2', 1, '2025-10-02 15:04:25'),
	(1229, 'CO2 농도가 2045.6ppm으로 매우 높습니다.', 'CO2', 1, '2025-10-02 15:04:26'),
	(1230, 'CO2 농도가 5000.0ppm으로 매우 높습니다.', 'CO2', 1, '2025-10-02 15:04:27'),
	(1231, '암모니아 농도가 56.897ppm으로 높습니다.', 'NH3', 1, '2025-10-02 15:04:27'),
	(1232, 'CO2 농도가 2011.5ppm으로 매우 높습니다.', 'CO2', 1, '2025-10-02 15:04:29'),
	(1233, 'CO2 농도가 2150.7ppm으로 매우 높습니다.', 'CO2', 1, '2025-10-02 15:04:30'),
	(1234, 'CO2 농도가 2034.2ppm으로 매우 높습니다.', 'CO2', 1, '2025-10-02 15:04:31'),
	(1235, 'CO2 농도가 5000.0ppm으로 매우 높습니다.', 'CO2', 1, '2025-10-02 15:04:32'),
	(1236, '암모니아 농도가 63.273ppm으로 높습니다.', 'NH3', 1, '2025-10-02 15:04:32'),
	(1237, 'CO2 농도가 5000.0ppm으로 매우 높습니다.', 'CO2', 1, '2025-10-02 15:04:34'),
	(1238, '암모니아 농도가 63.943ppm으로 높습니다.', 'NH3', 1, '2025-10-02 15:04:34'),
	(1239, 'CO2 농도가 5000.0ppm으로 매우 높습니다.', 'CO2', 1, '2025-10-02 15:04:35'),
	(1240, '암모니아 농도가 61.297ppm으로 높습니다.', 'NH3', 1, '2025-10-02 15:04:35'),
	(1241, 'CO2 농도가 5000.0ppm으로 매우 높습니다.', 'CO2', 1, '2025-10-02 15:04:37'),
	(1242, '암모니아 농도가 63.273ppm으로 높습니다.', 'NH3', 1, '2025-10-02 15:04:37'),
	(1243, 'CO2 농도가 5000.0ppm으로 매우 높습니다.', 'CO2', 1, '2025-10-02 15:04:38'),
	(1244, '암모니아 농도가 56.897ppm으로 높습니다.', 'NH3', 1, '2025-10-02 15:04:38'),
	(1245, 'CO2 농도가 5000.0ppm으로 매우 높습니다.', 'CO2', 1, '2025-10-02 15:04:39'),
	(1246, '암모니아 농도가 63.943ppm으로 높습니다.', 'NH3', 1, '2025-10-02 15:04:39'),
	(1247, 'CO2 농도가 2380.8ppm으로 매우 높습니다.', 'CO2', 1, '2025-10-02 15:04:40'),
	(1248, 'CO2 농도가 5000.0ppm으로 매우 높습니다.', 'CO2', 1, '2025-10-02 15:04:42'),
	(1249, '암모니아 농도가 63.943ppm으로 높습니다.', 'NH3', 1, '2025-10-02 15:04:42'),
	(1250, 'CO2 농도가 5000.0ppm으로 매우 높습니다.', 'CO2', 1, '2025-10-02 15:04:43'),
	(1251, '암모니아 농도가 59.376ppm으로 높습니다.', 'NH3', 1, '2025-10-02 15:04:43'),
	(1252, 'CO2 농도가 2045.6ppm으로 매우 높습니다.', 'CO2', 1, '2025-10-02 15:04:45'),
	(1253, 'CO2 농도가 5000.0ppm으로 매우 높습니다.', 'CO2', 1, '2025-10-02 15:04:46'),
	(1254, '암모니아 농도가 62.608ppm으로 높습니다.', 'NH3', 1, '2025-10-02 15:04:46'),
	(1255, 'CO2 농도가 5000.0ppm으로 매우 높습니다.', 'CO2', 1, '2025-10-02 15:04:47'),
	(1256, '암모니아 농도가 56.291ppm으로 높습니다.', 'NH3', 1, '2025-10-02 15:04:47'),
	(1257, 'CO2 농도가 2000.3ppm으로 매우 높습니다.', 'CO2', 1, '2025-10-02 15:04:51'),
	(1258, 'CO2 농도가 5000.0ppm으로 매우 높습니다.', 'CO2', 1, '2025-10-02 15:04:52'),
	(1259, '암모니아 농도가 56.291ppm으로 높습니다.', 'NH3', 1, '2025-10-02 15:04:52'),
	(1260, 'CO2 농도가 5000.0ppm으로 매우 높습니다.', 'CO2', 1, '2025-10-02 15:04:53'),
	(1261, '암모니아 농도가 63.943ppm으로 높습니다.', 'NH3', 1, '2025-10-02 15:04:53'),
	(1262, 'CO2 농도가 5000.0ppm으로 매우 높습니다.', 'CO2', 1, '2025-10-02 15:04:55'),
	(1263, '암모니아 농도가 63.943ppm으로 높습니다.', 'NH3', 1, '2025-10-02 15:04:55'),
	(1264, 'CO2 농도가 5000.0ppm으로 매우 높습니다.', 'CO2', 1, '2025-10-02 15:04:56'),
	(1265, '암모니아 농도가 59.376ppm으로 높습니다.', 'NH3', 1, '2025-10-02 15:04:56'),
	(1266, 'CO2 농도가 5000.0ppm으로 매우 높습니다.', 'CO2', 1, '2025-10-02 15:04:58'),
	(1267, '암모니아 농도가 63.943ppm으로 높습니다.', 'NH3', 1, '2025-10-02 15:04:59'),
	(1268, 'CO2 농도가 5000.0ppm으로 매우 높습니다.', 'CO2', 1, '2025-10-02 15:05:00'),
	(1269, '암모니아 농도가 61.949ppm으로 높습니다.', 'NH3', 1, '2025-10-02 15:05:00'),
	(1270, 'CO2 농도가 5000.0ppm으로 매우 높습니다.', 'CO2', 1, '2025-10-02 15:05:01'),
	(1271, '암모니아 농도가 63.273ppm으로 높습니다.', 'NH3', 1, '2025-10-02 15:05:01'),
	(1272, 'CO2 농도가 2039.9ppm으로 매우 높습니다.', 'CO2', 1, '2025-10-02 15:05:05'),
	(1273, 'CO2 농도가 2180.6ppm으로 매우 높습니다.', 'CO2', 1, '2025-10-02 15:05:06'),
	(1274, 'CO2 농도가 2746.1ppm으로 매우 높습니다.', 'CO2', 1, '2025-10-02 15:05:07'),
	(1275, '암모니아 농도가 27.041ppm으로 높습니다.', 'NH3', 1, '2025-10-02 15:05:07'),
	(1276, 'CO2 농도가 5000.0ppm으로 매우 높습니다.', 'CO2', 1, '2025-10-02 15:05:09'),
	(1277, '암모니아 농도가 55.097ppm으로 높습니다.', 'NH3', 1, '2025-10-02 15:05:09'),
	(1278, 'CO2 농도가 5000.0ppm으로 매우 높습니다.', 'CO2', 1, '2025-10-02 15:05:10'),
	(1279, '암모니아 농도가 63.943ppm으로 높습니다.', 'NH3', 1, '2025-10-02 15:05:10'),
	(1280, 'CO2 농도가 2610.1ppm으로 매우 높습니다.', 'CO2', 1, '2025-10-02 15:05:11'),
	(1281, '암모니아 농도가 25.771ppm으로 높습니다.', 'NH3', 1, '2025-10-02 15:05:11'),
	(1282, 'CO2 농도가 5000.0ppm으로 매우 높습니다.', 'CO2', 1, '2025-10-02 15:05:13'),
	(1283, '암모니아 농도가 60.651ppm으로 높습니다.', 'NH3', 1, '2025-10-02 15:05:13'),
	(1284, 'CO2 농도가 2000.3ppm으로 매우 높습니다.', 'CO2', 1, '2025-10-02 15:05:15'),
	(1285, 'CO2 농도가 2097.6ppm으로 매우 높습니다.', 'CO2', 1, '2025-10-02 15:05:16'),
	(1286, 'CO2 농도가 2241.6ppm으로 매우 높습니다.', 'CO2', 1, '2025-10-02 15:05:18'),
	(1287, 'CO2 농도가 5000.0ppm으로 매우 높습니다.', 'CO2', 1, '2025-10-02 15:05:19'),
	(1288, '암모니아 농도가 64.621ppm으로 높습니다.', 'NH3', 1, '2025-10-02 15:05:19'),
	(1289, 'CO2 농도가 5000.0ppm으로 매우 높습니다.', 'CO2', 1, '2025-10-02 15:05:20'),
	(1290, '암모니아 농도가 63.943ppm으로 높습니다.', 'NH3', 1, '2025-10-02 15:05:20'),
	(1291, 'CO2 농도가 5000.0ppm으로 매우 높습니다.', 'CO2', 1, '2025-10-02 15:05:21'),
	(1292, '암모니아 농도가 56.897ppm으로 높습니다.', 'NH3', 1, '2025-10-02 15:05:22'),
	(1293, 'CO2 농도가 5000.0ppm으로 매우 높습니다.', 'CO2', 1, '2025-10-02 15:05:23'),
	(1294, '암모니아 농도가 60.651ppm으로 높습니다.', 'NH3', 1, '2025-10-02 15:05:23'),
	(1295, 'CO2 농도가 2132.8ppm으로 매우 높습니다.', 'CO2', 1, '2025-10-02 15:05:24'),
	(1296, 'CO2 농도가 2005.9ppm으로 매우 높습니다.', 'CO2', 1, '2025-10-02 15:05:26'),
	(1297, 'CO2 농도가 4234.8ppm으로 매우 높습니다.', 'CO2', 1, '2025-10-02 15:05:27'),
	(1298, '암모니아 농도가 51.646ppm으로 높습니다.', 'NH3', 1, '2025-10-02 15:05:27'),
	(1299, 'CO2 농도가 2068.6ppm으로 매우 높습니다.', 'CO2', 1, '2025-10-02 15:05:28'),
	(1300, 'CO2 농도가 2513.5ppm으로 매우 높습니다.', 'CO2', 1, '2025-10-02 15:05:29'),
	(1301, '암모니아 농도가 26.084ppm으로 높습니다.', 'NH3', 1, '2025-10-02 15:05:29'),
	(1302, 'CO2 농도가 2805.2ppm으로 매우 높습니다.', 'CO2', 1, '2025-10-02 15:05:31'),
	(1303, '암모니아 농도가 28.362ppm으로 높습니다.', 'NH3', 1, '2025-10-02 15:05:31'),
	(1304, 'CO2 농도가 3648.3ppm으로 매우 높습니다.', 'CO2', 1, '2025-10-02 15:05:32'),
	(1305, '암모니아 농도가 35.796ppm으로 높습니다.', 'NH3', 1, '2025-10-02 15:05:32'),
	(1306, 'CO2 농도가 2329.4ppm으로 매우 높습니다.', 'CO2', 1, '2025-10-02 15:05:33'),
	(1307, 'CO2 농도가 4341.9ppm으로 매우 높습니다.', 'CO2', 1, '2025-10-02 15:05:34'),
	(1308, '암모니아 농도가 74.793ppm으로 높습니다.', 'NH3', 1, '2025-10-02 15:05:35'),
	(1309, 'CO2 농도가 3583.6ppm으로 매우 높습니다.', 'CO2', 1, '2025-10-02 15:05:36'),
	(1310, '암모니아 농도가 32.648ppm으로 높습니다.', 'NH3', 1, '2025-10-02 15:05:36'),
	(1311, 'CO2 농도가 5000.0ppm으로 매우 높습니다.', 'CO2', 1, '2025-10-02 15:05:37'),
	(1312, '암모니아 농도가 90.888ppm으로 높습니다.', 'NH3', 1, '2025-10-02 15:05:37'),
	(1313, 'CO2 농도가 2547.7ppm으로 매우 높습니다.', 'CO2', 1, '2025-10-02 15:05:39'),
	(1314, '암모니아 농도가 53.925ppm으로 높습니다.', 'NH3', 1, '2025-10-02 15:05:39'),
	(1315, 'CO2 농도가 2724.3ppm으로 매우 높습니다.', 'CO2', 1, '2025-10-02 15:05:40'),
	(1316, '암모니아 농도가 27.695ppm으로 높습니다.', 'NH3', 1, '2025-10-02 15:05:40'),
	(1317, 'CO2 농도가 5000.0ppm으로 매우 높습니다.', 'CO2', 1, '2025-10-02 15:14:09'),
	(1318, '암모니아 농도가 202.435ppm으로 높습니다.', 'NH3', 1, '2025-10-02 15:14:09'),
	(1319, 'CO2 농도가 5000.0ppm으로 매우 높습니다.', 'CO2', 1, '2025-10-02 15:14:11'),
	(1320, '암모니아 농도가 148.166ppm으로 높습니다.', 'NH3', 1, '2025-10-02 15:14:11'),
	(1321, 'CO2 농도가 5000.0ppm으로 매우 높습니다.', 'CO2', 1, '2025-10-02 15:14:13'),
	(1322, '암모니아 농도가 106.818ppm으로 높습니다.', 'NH3', 1, '2025-10-02 15:14:13'),
	(1323, 'CO2 농도가 5000.0ppm으로 매우 높습니다.', 'CO2', 1, '2025-10-02 15:14:14'),
	(1324, '암모니아 농도가 82.065ppm으로 높습니다.', 'NH3', 1, '2025-10-02 15:14:14'),
	(1325, 'CO2 농도가 5000.0ppm으로 매우 높습니다.', 'CO2', 1, '2025-10-02 15:14:15'),
	(1326, '암모니아 농도가 57.508ppm으로 높습니다.', 'NH3', 1, '2025-10-02 15:14:15'),
	(1327, 'CO2 농도가 4747.1ppm으로 매우 높습니다.', 'CO2', 1, '2025-10-02 15:14:17'),
	(1328, '암모니아 농도가 45.804ppm으로 높습니다.', 'NH3', 1, '2025-10-02 15:14:17'),
	(1329, 'CO2 농도가 5000.0ppm으로 매우 높습니다.', 'CO2', 1, '2025-10-02 15:16:23'),
	(1330, '암모니아 농도가 210.440ppm으로 높습니다.', 'NH3', 1, '2025-10-02 15:16:23'),
	(1331, 'CO2 농도가 5000.0ppm으로 매우 높습니다.', 'CO2', 1, '2025-10-02 15:16:25'),
	(1332, '암모니아 농도가 154.094ppm으로 높습니다.', 'NH3', 1, '2025-10-02 15:16:25'),
	(1333, 'CO2 농도가 5000.0ppm으로 매우 높습니다.', 'CO2', 1, '2025-10-02 15:16:26'),
	(1334, '암모니아 농도가 183.695ppm으로 높습니다.', 'NH3', 1, '2025-10-02 15:16:26'),
	(1335, 'CO2 농도가 5000.0ppm으로 매우 높습니다.', 'CO2', 1, '2025-10-02 15:16:27'),
	(1336, '암모니아 농도가 145.283ppm으로 높습니다.', 'NH3', 1, '2025-10-02 15:16:27'),
	(1337, 'CO2 농도가 5000.0ppm으로 매우 높습니다.', 'CO2', 1, '2025-10-02 15:16:29'),
	(1338, '암모니아 농도가 146.718ppm으로 높습니다.', 'NH3', 1, '2025-10-02 15:16:29'),
	(1339, 'CO2 농도가 5000.0ppm으로 매우 높습니다.', 'CO2', 1, '2025-10-02 15:16:30'),
	(1340, '암모니아 농도가 148.166ppm으로 높습니다.', 'NH3', 1, '2025-10-02 15:16:30'),
	(1341, 'CO2 농도가 5000.0ppm으로 매우 높습니다.', 'CO2', 1, '2025-10-02 15:16:31'),
	(1342, '암모니아 농도가 149.627ppm으로 높습니다.', 'NH3', 1, '2025-10-02 15:16:32'),
	(1343, 'CO2 농도가 5000.0ppm으로 매우 높습니다.', 'CO2', 1, '2025-10-02 15:16:47'),
	(1344, 'CO 농도가 205.616ppm으로 위험합니다.', 'CO', 1, '2025-10-02 15:16:47'),
	(1345, '암모니아 농도가 12304.525ppm으로 높습니다.', 'NH3', 1, '2025-10-02 15:16:47'),
	(1346, 'CO2 농도가 5000.0ppm으로 매우 높습니다.', 'CO2', 1, '2025-10-02 15:16:49'),
	(1347, 'CO 농도가 131.652ppm으로 위험합니다.', 'CO', 1, '2025-10-02 15:16:49'),
	(1348, '암모니아 농도가 4556.961ppm으로 높습니다.', 'NH3', 1, '2025-10-02 15:16:49'),
	(1349, 'CO2 농도가 5000.0ppm으로 매우 높습니다.', 'CO2', 1, '2025-10-02 15:16:50'),
	(1350, 'CO 농도가 131.652ppm으로 위험합니다.', 'CO', 1, '2025-10-02 15:16:51'),
	(1351, '암모니아 농도가 4556.961ppm으로 높습니다.', 'NH3', 1, '2025-10-02 15:16:51'),
	(1352, 'CO2 농도가 5000.0ppm으로 매우 높습니다.', 'CO2', 1, '2025-10-02 15:16:52'),
	(1353, 'CO 농도가 132.429ppm으로 위험합니다.', 'CO', 1, '2025-10-02 15:16:52'),
	(1354, '암모니아 농도가 4617.073ppm으로 높습니다.', 'NH3', 1, '2025-10-02 15:16:52'),
	(1355, 'CO2 농도가 5000.0ppm으로 매우 높습니다.', 'CO2', 1, '2025-10-02 15:16:53'),
	(1356, 'CO 농도가 208.702ppm으로 위험합니다.', 'CO', 1, '2025-10-02 15:16:53'),
	(1357, '암모니아 농도가 12719.808ppm으로 높습니다.', 'NH3', 1, '2025-10-02 15:16:54'),
	(1358, 'CO2 농도가 5000.0ppm으로 매우 높습니다.', 'CO2', 1, '2025-10-02 15:17:19'),
	(1359, '암모니아 농도가 180.155ppm으로 높습니다.', 'NH3', 1, '2025-10-02 15:17:19'),
	(1360, 'CO2 농도가 5000.0ppm으로 매우 높습니다.', 'CO2', 1, '2025-10-02 15:17:21'),
	(1361, '암모니아 농도가 161.823ppm으로 높습니다.', 'NH3', 1, '2025-10-02 15:17:21'),
	(1362, 'CO2 농도가 5000.0ppm으로 매우 높습니다.', 'CO2', 1, '2025-10-02 15:17:22'),
	(1363, '암모니아 농도가 136.950ppm으로 높습니다.', 'NH3', 1, '2025-10-02 15:17:22'),
	(1364, 'CO2 농도가 5000.0ppm으로 매우 높습니다.', 'CO2', 1, '2025-10-02 15:17:23'),
	(1365, '암모니아 농도가 58.125ppm으로 높습니다.', 'NH3', 1, '2025-10-02 15:17:24'),
	(1366, 'CO2 농도가 5000.0ppm으로 매우 높습니다.', 'CO2', 1, '2025-10-02 15:17:25'),
	(1367, '암모니아 농도가 71.750ppm으로 높습니다.', 'NH3', 1, '2025-10-02 15:17:25'),
	(1368, 'CO2 농도가 5000.0ppm으로 매우 높습니다.', 'CO2', 1, '2025-10-02 15:17:26'),
	(1369, '암모니아 농도가 108.981ppm으로 높습니다.', 'NH3', 1, '2025-10-02 15:17:26'),
	(1370, 'CO2 농도가 5000.0ppm으로 매우 높습니다.', 'CO2', 1, '2025-10-02 15:17:28'),
	(1371, '암모니아 농도가 99.558ppm으로 높습니다.', 'NH3', 1, '2025-10-02 15:17:28'),
	(1372, 'CO2 농도가 3108.6ppm으로 매우 높습니다.', 'CO2', 1, '2025-10-02 15:17:29'),
	(1373, '암모니아 농도가 30.801ppm으로 높습니다.', 'NH3', 1, '2025-10-02 15:17:29'),
	(1374, 'CO2 농도가 2367.9ppm으로 매우 높습니다.', 'CO2', 1, '2025-10-02 15:17:30'),
	(1375, 'CO2 농도가 2291.4ppm으로 매우 높습니다.', 'CO2', 1, '2025-10-02 15:17:31'),
	(1376, 'CO2 농도가 4574.4ppm으로 매우 높습니다.', 'CO2', 1, '2025-10-02 15:17:33'),
	(1377, '암모니아 농도가 45.804ppm으로 높습니다.', 'NH3', 1, '2025-10-02 15:17:33'),
	(1378, 'CO2 농도가 3165.9ppm으로 매우 높습니다.', 'CO2', 1, '2025-10-02 15:17:39'),
	(1379, '암모니아 농도가 32.648ppm으로 높습니다.', 'NH3', 1, '2025-10-02 15:17:39'),
	(1380, 'CO2 농도가 2596.1ppm으로 매우 높습니다.', 'CO2', 1, '2025-10-02 15:17:43'),
	(1381, '암모니아 농도가 26.400ppm으로 높습니다.', 'NH3', 1, '2025-10-02 15:17:43'),
	(1382, 'CO2 농도가 2297.7ppm으로 매우 높습니다.', 'CO2', 1, '2025-10-02 15:17:46'),
	(1383, 'CO2 농도가 2103.4ppm으로 매우 높습니다.', 'CO2', 1, '2025-10-02 15:17:48');

-- 테이블 team_db.farm_management 구조 내보내기
CREATE TABLE IF NOT EXISTS `farm_management` (
  `MANAGEMENT_NUM` int(11) NOT NULL AUTO_INCREMENT COMMENT '관리 번호',
  `FEED_CONSUMPTION_G` float NOT NULL DEFAULT 0 COMMENT '전체 모이 소비량',
  `WATER_CONSUMPTION_ML` float NOT NULL DEFAULT 0 COMMENT '전체 물 소비량',
  `REC_TIME` datetime NOT NULL DEFAULT current_timestamp() COMMENT '기록 시간',
  `FARM_NUM` int(11) NOT NULL COMMENT '축사 아이디',
  PRIMARY KEY (`MANAGEMENT_NUM`),
  KEY `FARM_NUM` (`FARM_NUM`),
  CONSTRAINT `farm_management_ibfk_1` FOREIGN KEY (`FARM_NUM`) REFERENCES `chicken_farm` (`FARM_NUM`)
) ENGINE=InnoDB AUTO_INCREMENT=3 DEFAULT CHARSET=utf8mb4 COLLATE=utf8mb4_general_ci;

-- 테이블 데이터 team_db.farm_management:~2 rows (대략적) 내보내기
INSERT INTO `farm_management` (`MANAGEMENT_NUM`, `FEED_CONSUMPTION_G`, `WATER_CONSUMPTION_ML`, `REC_TIME`, `FARM_NUM`) VALUES
	(1, 0, 105.476, '2025-09-30 16:14:00', 1),
	(2, 206.395, 0, '2025-09-30 16:30:14', 1);

-- 테이블 team_db.farm_status 구조 내보내기
CREATE TABLE IF NOT EXISTS `farm_status` (
  `FARM_STATUS_NUM` int(11) NOT NULL AUTO_INCREMENT COMMENT '축사 상태 아이디',
  `NO2_DATA` float NOT NULL DEFAULT 0 COMMENT '이산화질소',
  `TEMP_DATA` float NOT NULL DEFAULT 0 COMMENT '온도',
  `HUM_DATA` float NOT NULL DEFAULT 0 COMMENT '습도',
  `LUX_DATA` float NOT NULL DEFAULT 0 COMMENT '조명',
  `CO_DATA` float NOT NULL DEFAULT 0 COMMENT '일산화탄소',
  `CO2_DATA` float NOT NULL DEFAULT 0 COMMENT '이산화탄소',
  `NH3_DATA` float NOT NULL DEFAULT 0 COMMENT '암모니아',
  `REC_TIME` datetime NOT NULL DEFAULT current_timestamp() COMMENT '기록시간',
  `FARM_ID` int(11) NOT NULL COMMENT '축사 아이디',
  PRIMARY KEY (`FARM_STATUS_NUM`),
  KEY `FARM_ID` (`FARM_ID`),
  CONSTRAINT `farm_status_ibfk_1` FOREIGN KEY (`FARM_ID`) REFERENCES `chicken_farm` (`FARM_NUM`)
) ENGINE=InnoDB AUTO_INCREMENT=42 DEFAULT CHARSET=utf8mb4 COLLATE=utf8mb4_general_ci;

-- 테이블 데이터 team_db.farm_status:~33 rows (대략적) 내보내기
INSERT INTO `farm_status` (`FARM_STATUS_NUM`, `NO2_DATA`, `TEMP_DATA`, `HUM_DATA`, `LUX_DATA`, `CO_DATA`, `CO2_DATA`, `NH3_DATA`, `REC_TIME`, `FARM_ID`) VALUES
	(9, 7.865, 27, 43.9, 671, 8.126, 797.6, 9.202, '2025-10-01 16:28:20', 1),
	(10, 9.28, 27.2, 43.9, 659, 8.683, 922.5, 10.666, '2025-10-01 16:34:04', 1),
	(11, 8.982, 27.2, 43.9, 679, 8.57, 910.5, 10.36, '2025-10-01 16:39:47', 1),
	(12, 9.431, 27.2, 43.6, 650, 8.739, 940.6, 10.822, '2025-10-01 16:45:28', 1),
	(13, 7.35, 27.3, 43.5, 641, 7.908, 725.4, 8.661, '2025-10-01 16:51:22', 1),
	(14, 7.604, 27.3, 43.4, 641, 8.017, 750.6, 8.928, '2025-10-01 16:57:01', 1),
	(15, 7.865, 27.4, 45, 600, 8.126, 789.6, 9.202, '2025-10-01 17:02:39', 1),
	(16, 8.134, 26.2, 47.9, 591, 8.236, 808.4, 9.482, '2025-10-01 17:08:22', 1),
	(17, 8.549, 25.6, 48.7, 622, 8.402, 855.4, 9.913, '2025-10-01 17:14:19', 1),
	(18, 8.692, 25, 48.5, 613, 8.458, 861.1, 10.061, '2025-10-01 17:20:34', 1),
	(19, 9.431, 25.1, 47.3, 664, 8.739, 949.8, 10.822, '2025-10-01 17:26:14', 1),
	(20, 15.442, 24.7, 47, 664, 10.649, 1558.5, 16.807, '2025-10-01 17:31:58', 1),
	(21, 13.304, 24.6, 46.6, 655, 10.031, 1343.1, 14.713, '2025-10-01 17:38:07', 1),
	(22, 15.67, 24.6, 46.4, 662, 10.712, 1581.5, 17.028, '2025-10-01 17:43:55', 1),
	(23, 22.041, 23.6, 48.4, 682, 12.281, 2198.8, 23.092, '2025-10-02 12:08:09', 1),
	(24, 25.953, 23.5, 48.8, 694, 13.112, 2603.1, 26.719, '2025-10-02 12:14:15', 1),
	(25, 4.182, 23.3, 49.6, 669, 6.308, 412, 5.235, '2025-10-02 12:42:33', 1),
	(26, 1.892, 26.9, 51.3, 642, 4.591, 329.7, 2.579, '2025-10-02 15:33:41', 1),
	(27, 3.289, 27.1, 52.5, 640, 5.729, 368.9, 4.224, '2025-10-02 15:39:19', 1),
	(28, 2.661, 27.2, 52.5, 619, 5.263, 355.8, 3.496, '2025-10-02 15:45:00', 1),
	(29, 2.278, 26.8, 53.6, 643, 4.945, 341.6, 3.044, '2025-10-02 15:50:46', 1),
	(30, 2.127, 26.6, 55.4, 608, 4.811, 338.8, 2.863, '2025-10-02 15:56:26', 1),
	(31, 2.177, 26.9, 53.5, 622, 4.856, 338.8, 2.922, '2025-10-02 16:02:14', 1),
	(32, 2.127, 27, 51.9, 634, 4.811, 338.8, 2.863, '2025-10-02 16:07:55', 1),
	(33, 1.938, 27.1, 52.1, 654, 4.635, 330.9, 2.634, '2025-10-02 16:13:33', 1),
	(34, 1.984, 27, 50.9, 652, 4.679, 331.2, 2.69, '2025-10-02 16:19:12', 1),
	(35, 2.177, 27.1, 49.2, 658, 4.856, 340.2, 2.922, '2025-10-02 16:25:00', 1),
	(36, 2.177, 27, 48.9, 605, 4.856, 339.5, 2.922, '2025-10-02 16:30:38', 1),
	(37, 2.177, 27.2, 51.3, 652, 4.856, 338.1, 2.922, '2025-10-02 16:36:19', 1),
	(38, 2.33, 27.2, 52.5, 656, 4.99, 344.6, 3.106, '2025-10-02 16:42:04', 1),
	(39, 2.383, 26.1, 53.8, 602, 5.036, 345.6, 3.168, '2025-10-02 16:47:45', 1),
	(40, 2.383, 25.2, 54, 622, 5.036, 346.3, 3.168, '2025-10-02 16:53:28', 1),
	(41, 3.79, 24.6, 53.5, 613, 6.064, 373.3, 4.794, '2025-10-02 16:59:14', 1);

-- 테이블 team_db.member 구조 내보내기
CREATE TABLE IF NOT EXISTS `member` (
  `MEM_ID` varchar(50) NOT NULL COMMENT '아이디',
  `MEM_PW` varchar(255) NOT NULL COMMENT '비밀번호',
  `CONTACT` varchar(20) DEFAULT NULL COMMENT '연락처',
  `NAME` varchar(50) NOT NULL COMMENT '이름',
  `ROLE` enum('ADMIN','USER') NOT NULL DEFAULT 'USER' COMMENT '권한',
  `FARM_ID` int(11) NOT NULL COMMENT '축사 아이디',
  `JOIN_DATE` datetime NOT NULL DEFAULT current_timestamp() COMMENT '멤버 등록 날짜',
  PRIMARY KEY (`MEM_ID`),
  KEY `FARM_ID` (`FARM_ID`),
  CONSTRAINT `member_ibfk_1` FOREIGN KEY (`FARM_ID`) REFERENCES `chicken_farm` (`FARM_NUM`)
) ENGINE=InnoDB DEFAULT CHARSET=utf8mb4 COLLATE=utf8mb4_general_ci;

-- 테이블 데이터 team_db.member:~0 rows (대략적) 내보내기
INSERT INTO `member` (`MEM_ID`, `MEM_PW`, `CONTACT`, `NAME`, `ROLE`, `FARM_ID`, `JOIN_DATE`) VALUES
	('admin123', '1111', NULL, '간니쟈', 'ADMIN', 1, '2025-09-30 15:57:36');

-- 테이블 team_db.note 구조 내보내기
CREATE TABLE IF NOT EXISTS `note` (
  `NOTE_NUM` int(11) NOT NULL AUTO_INCREMENT COMMENT '일지 아이디',
  `MEM_ID` varchar(50) NOT NULL COMMENT '멤버 아이디',
  `REC_TIME` datetime NOT NULL DEFAULT current_timestamp() COMMENT '노트 기록 시간',
  PRIMARY KEY (`NOTE_NUM`),
  KEY `MEM_ID` (`MEM_ID`),
  CONSTRAINT `note_ibfk_1` FOREIGN KEY (`MEM_ID`) REFERENCES `member` (`MEM_ID`)
) ENGINE=InnoDB DEFAULT CHARSET=utf8mb4 COLLATE=utf8mb4_general_ci;

-- 테이블 데이터 team_db.note:~0 rows (대략적) 내보내기

-- 테이블 team_db.todo 구조 내보내기
CREATE TABLE IF NOT EXISTS `todo` (
  `todo_num` int(11) NOT NULL AUTO_INCREMENT,
  `todo_title` varchar(20) NOT NULL,
  PRIMARY KEY (`todo_num`)
) ENGINE=InnoDB AUTO_INCREMENT=3 DEFAULT CHARSET=utf8mb4 COLLATE=utf8mb4_general_ci;

-- 테이블 데이터 team_db.todo:~2 rows (대략적) 내보내기
INSERT INTO `todo` (`todo_num`, `todo_title`) VALUES
	(1, '리액트 공부하기'),
	(2, '치킨 시켜먹기');

/*!40103 SET TIME_ZONE=IFNULL(@OLD_TIME_ZONE, 'system') */;
/*!40101 SET SQL_MODE=IFNULL(@OLD_SQL_MODE, '') */;
/*!40014 SET FOREIGN_KEY_CHECKS=IFNULL(@OLD_FOREIGN_KEY_CHECKS, 1) */;
/*!40101 SET CHARACTER_SET_CLIENT=@OLD_CHARACTER_SET_CLIENT */;
/*!40111 SET SQL_NOTES=IFNULL(@OLD_SQL_NOTES, 1) */;
